Ticker,Symbol,Security Name,Exchange,Sector,Industry,Market Cap,Avg Volume
NVDA,NVDA,NVIDIA Corporation - Common Stock,NASDAQ,Unknown,Unknown,,160940968
INTC,INTC,Intel Corporation - Common Stock,NASDAQ,Unknown,Unknown,,134731386
AAL,AAL,"American Airlines Group, Inc. - Common Stock",NASDAQ,Unknown,Unknown,,103966776
SOFI,SOFI,"SoFi Technologies, Inc.  - Common Stock",NASDAQ,Unknown,Unknown,,79146398
F,F,Ford Motor Company Common Stock,NYSE,Unknown,Unknown,,66159742
NU,NU,Nu Holdings Ltd. Class A Ordinary Shares,NYSE,Unknown,Unknown,,60217638
AAPL,AAPL,Apple Inc. - Common Stock,NASDAQ,Unknown,Unknown,,56990136
SMCI,SMCI,"Super Micro Computer, Inc. - Common Stock",NASDAQ,Unknown,Unknown,,55779340
MU,MU,"Micron Technology, Inc. - Common Stock",NASDAQ,Unknown,Unknown,,54259782
T,T,AT&T Inc.,NYSE,Unknown,Unknown,,53916586
AMZN,AMZN,"Amazon.com, Inc. - Common Stock",NASDAQ,Unknown,Unknown,,51190552
TSLA,TSLA,"Tesla, Inc.  - Common Stock",NASDAQ,Unknown,Unknown,,49242566
IREN,IREN,IREN Limited - Ordinary Shares,NASDAQ,Unknown,Unknown,,48368766
PATH,PATH,"UiPath, Inc. Class A Common Stock",NYSE,Unknown,Unknown,,48113748
MRVL,MRVL,"Marvell Technology, Inc. - Common Stock",NASDAQ,Unknown,Unknown,,45284004
PLTR,PLTR,Palantir Technologies Inc. - Class A Common Stock,NASDAQ,Unknown,Unknown,,43551182
MARA,MARA,"MARA Holdings, Inc. - Common Stock",NASDAQ,Unknown,Unknown,,43385556
RGTI,RGTI,"Rigetti Computing, Inc.  - Common stock",NASDAQ,Unknown,Unknown,,42870994
RDW,RDW,Redwire Corporation Common Stock,NYSE,Unknown,Unknown,,42640622
PFE,PFE,"Pfizer, Inc. Common Stock",NYSE,Unknown,Unknown,,41615534
MSFT,MSFT,Microsoft Corporation - Common Stock,NASDAQ,Unknown,Unknown,,41225744
NFLX,NFLX,"Netflix, Inc. - Common Stock",NASDAQ,Unknown,Unknown,,40621942
BMNR,BMNR,"BitMine Immersion Technologies, Inc. Common Stock",NYSE,Unknown,Unknown,,37359484
BB,BB,BlackBerry Limited Common Stock,NYSE,Unknown,Unknown,,37032370
RIVN,RIVN,"Rivian Automotive, Inc. - Class A Common Stock",NASDAQ,Unknown,Unknown,,37030588
CMCSA,CMCSA,Comcast Corporation - Class A Common Stock,NASDAQ,Unknown,Unknown,,36510416
BAC,BAC,Bank of America Corporation Common Stock,NYSE,Unknown,Unknown,,36021590
AMD,AMD,"Advanced Micro Devices, Inc. - Common Stock",NASDAQ,Unknown,Unknown,,34849044
QBTS,QBTS,D-Wave Quantum Inc. Common Shares,NYSE,Unknown,Unknown,,33794978
GOOGL,GOOGL,Alphabet Inc. - Class A Common Stock,NASDAQ,Unknown,Unknown,,33422670
CDE,CDE,"Coeur Mining, Inc. Common Stock",NYSE,Unknown,Unknown,,32175820
NVTS,NVTS,Navitas Semiconductor Corporation - Common Stock,NASDAQ,Unknown,Unknown,,31420800
WULF,WULF,TeraWulf Inc. - Common Stock,NASDAQ,Unknown,Unknown,,30819072
HOOD,HOOD,"Robinhood Markets, Inc. - Class A Common Stock",NASDAQ,Unknown,Unknown,,30008178
CRWV,CRWV,"CoreWeave, Inc. - Class A Common Stock",NASDAQ,Unknown,Unknown,,29577590
IONQ,IONQ,"IonQ, Inc. Common Stock",NYSE,Unknown,Unknown,,29111638
RKT,RKT,"Rocket Companies, Inc. Class A Common Stock",NYSE,Unknown,Unknown,,28804544
HPE,HPE,Hewlett Packard Enterprise Company Common Stock,NYSE,Unknown,Unknown,,28410680
RKLB,RKLB,Rocket Lab Corporation - Common Stock,NASDAQ,Unknown,Unknown,,28297744
ORCL,ORCL,Oracle Corporation Common Stock,NYSE,Unknown,Unknown,,27928066
NOW,NOW,"ServiceNow, Inc. Common Stock",NYSE,Unknown,Unknown,,27913100
AVGO,AVGO,Broadcom Inc. - Common Stock,NASDAQ,Unknown,Unknown,,27566148
CCL,CCL,Carnival Corporation Ltd. Common Shares,NYSE,Unknown,Unknown,,27525002
VZ,VZ,Verizon Communications Inc. Common Stock,NYSE,Unknown,Unknown,,27314526
CSCO,CSCO,"Cisco Systems, Inc. - Common Stock",NASDAQ,Unknown,Unknown,,26393982
CIFR,CIFR,Cipher Digital Inc. - Common Stock,NASDAQ,Unknown,Unknown,,25483356
QCOM,QCOM,QUALCOMM Incorporated - Common Stock,NASDAQ,Unknown,Unknown,,25154030
NKE,NKE,"Nike, Inc. Common Stock",NYSE,Unknown,Unknown,,24641994
CPNG,CPNG,"Coupang, Inc. Class A Common Stock",NYSE,Unknown,Unknown,,24583866
ASTS,ASTS,"AST SpaceMobile, Inc. - Class A Common Stock",NASDAQ,Unknown,Unknown,,23313912
HL,HL,Hecla Mining Company Common Stock,NYSE,Unknown,Unknown,,23010652
WMT,WMT,Walmart Inc. - Common Stock,NASDAQ,Unknown,Unknown,,22992204
GOOG,GOOG,Alphabet Inc. - Class C Capital Stock,NASDAQ,Unknown,Unknown,,22981386
NCLH,NCLH,Norwegian Cruise Line Holdings Ltd. Ordinary Shares,NYSE,Unknown,Unknown,,22174186
HBAN,HBAN,Huntington Bancshares Incorporated - Common Stock,NASDAQ,Unknown,Unknown,,21721248
CLSK,CLSK,"CleanSpark, Inc. - Common Stock",NASDAQ,Unknown,Unknown,,21689712
MSTR,MSTR,Strategy Inc - Class A Common Stock,NASDAQ,Unknown,Unknown,,21476124
QXO,QXO,"QXO, Inc. Common Stock",NYSE,Unknown,Unknown,,21381488
FIG,FIG,"Figma, Inc. Class A Common Stock",NYSE,Unknown,Unknown,,21272694
APLD,APLD,Applied Digital Corporation - Common Stock,NASDAQ,Unknown,Unknown,,21249014
BSX,BSX,Boston Scientific Corporation Common Stock,NYSE,Unknown,Unknown,,20950788
KVUE,KVUE,Kenvue Inc. Common Stock,NYSE,Unknown,Unknown,,20557300
UBER,UBER,"Uber Technologies, Inc. Common Stock",NYSE,Unknown,Unknown,,20519832
TTD,TTD,"The Trade Desk, Inc. - Class A Common Stock",NASDAQ,Unknown,Unknown,,20390592
HIMS,HIMS,"Hims & Hers Health, Inc. Class A Common Stock",NYSE,Unknown,Unknown,,19968582
CMG,CMG,"Chipotle Mexican Grill, Inc. Common Stock",NYSE,Unknown,Unknown,,19955430
PINS,PINS,"Pinterest, Inc. Class A Common Stock",NYSE,Unknown,Unknown,,19845302
HPQ,HPQ,HP Inc. Common Stock,NYSE,Unknown,Unknown,,19579940
WBD,WBD,"Warner Bros. Discovery, Inc. - Series A Common Stock",NASDAQ,Unknown,Unknown,,19546182
META,META,"Meta Platforms, Inc. - Class A Common Stock",NASDAQ,Unknown,Unknown,,19070670
PCG,PCG,Pacific Gas & Electric Co. Common Stock,NYSE,Unknown,Unknown,,18479884
CAG,CAG,"ConAgra Brands, Inc. Common Stock",NYSE,Unknown,Unknown,,18150720
UMC,UMC,United Microelectronics Corporation (NEW) Common Stock,NYSE,Unknown,Unknown,,18068650
NBIS,NBIS,Nebius Group N.V. - Class A Ordinary Shares,NASDAQ,Unknown,Unknown,,18034654
FRSH,FRSH,Freshworks Inc. - Class A Common Stock,NASDAQ,Unknown,Unknown,,17913080
INFQ,INFQ,"Infleqtion, Inc. Common Stock",NYSE,Unknown,Unknown,,17867950
KO,KO,Coca-Cola Company (The) Common Stock,NYSE,Unknown,Unknown,,17445822
XOM,XOM,ExxonMobil Holdings Corporation Common Stock,NYSE,Unknown,Unknown,,17346938
RIOT,RIOT,"Riot Platforms, Inc. - Common Stock",NASDAQ,Unknown,Unknown,,17212016
VG,VG,"Venture Global, Inc. Class A common stock",NYSE,Unknown,Unknown,,16199930
USAR,USAR,"USA Rare Earth, Inc. - Common Stock",NASDAQ,Unknown,Unknown,,16196156
PBR,PBR,Petroleo Brasileiro S.A. Petrobras ADS,NYSE,Unknown,Unknown,,16172868
CRCL,CRCL,"Circle Internet Group, Inc. Class A Common Stock",NYSE,Unknown,Unknown,,15993674
PYPL,PYPL,"PayPal Holdings, Inc. - Common Stock",NASDAQ,Unknown,Unknown,,15974644
WFC,WFC,Wells Fargo & Company Common Stock,NYSE,Unknown,Unknown,,15952092
GLW,GLW,Corning Incorporated Common Stock,NYSE,Unknown,Unknown,,15613158
DVN,DVN,Devon Energy Corporation Common Stock,NYSE,Unknown,Unknown,,15316818
CRM,CRM,"Salesforce, Inc. Common Stock",NYSE,Unknown,Unknown,,15217800
AGNC,AGNC,AGNC Investment Corp. - Common Stock,NASDAQ,Unknown,Unknown,,15154040
COMP,COMP,"Compass, Inc. Class A Common Stock",NYSE,Unknown,Unknown,,14780332
LYFT,LYFT,"Lyft, Inc. - Class A Common Stock",NASDAQ,Unknown,Unknown,,14473062
FCX,FCX,"Freeport-McMoRan, Inc. Common Stock",NYSE,Unknown,Unknown,,14452236
KHC,KHC,The Kraft Heinz Company - Common Stock,NASDAQ,Unknown,Unknown,,14342756
SLB,SLB,SLB Limited Common Shares,NYSE,Unknown,Unknown,,14332644
LUNR,LUNR,"Intuitive Machines, Inc. - Class A Common Stock",NASDAQ,Unknown,Unknown,,14314294
CORZ,CORZ,"Core Scientific, Inc. - Common Stock",NASDAQ,Unknown,Unknown,,13997138
NVO,NVO,Novo Nordisk A/S Common Stock,NYSE,Unknown,Unknown,,13953638
KDP,KDP,Keurig Dr Pepper Inc. - Common Stock,NASDAQ,Unknown,Unknown,,13653986
TSM,TSM,Taiwan Semiconductor Manufacturing Company Ltd.,NYSE,Unknown,Unknown,,13651686
ON,ON,ON Semiconductor Corporation - Common Stock,NASDAQ,Unknown,Unknown,,13558156
TOST,TOST,"Toast, Inc. Class A Common Stock",NYSE,Unknown,Unknown,,13512216
PL,PL,Planet Labs PBC Class A Common Stock,NYSE,Unknown,Unknown,,13432454
FCEL,FCEL,"FuelCell Energy, Inc. - Common Stock",NASDAQ,Unknown,Unknown,,13214278
TSCO,TSCO,Tractor Supply Company - Common Stock,NASDAQ,Unknown,Unknown,,13201056
FLNC,FLNC,"Fluence Energy, Inc. - Class A Common Stock",NASDAQ,Unknown,Unknown,,13147758
KLAC,KLAC,KLA Corporation  - Common Stock,NASDAQ,Unknown,Unknown,,13041816
ABT,ABT,Abbott Laboratories Common Stock,NYSE,Unknown,Unknown,,13026272
CRWD,CRWD,"CrowdStrike Holdings, Inc. - Class A Common Stock",NASDAQ,Unknown,Unknown,,12954664
SNDK,SNDK,Sandisk Corporation - Common Stock When-Issued,NASDAQ,Unknown,Unknown,,12952398
OKLO,OKLO,Oklo Inc. Class A common stock,NYSE,Unknown,Unknown,,12714104
RBLX,RBLX,Roblox Corporation Class A Common Stock,NYSE,Unknown,Unknown,,12628338
AG,AG,First Majestic Silver Corp. Ordinary Shares (Canada),NYSE,Unknown,Unknown,,12593848
DKNG,DKNG,DraftKings Inc. - Class A Common Stock,NASDAQ,Unknown,Unknown,,12561904
CNH,CNH,CNH Industrial N.V. Common Shares,NYSE,Unknown,Unknown,,12553076
AAOI,AAOI,"Applied Optoelectronics, Inc. - Common Stock",NASDAQ,Unknown,Unknown,,12552530
BE,BE,Bloom Energy Corporation Class A Common Stock,NYSE,Unknown,Unknown,,12490574
B,B,Barrick Mining Corporation Common Shares,NYSE,Unknown,Unknown,,12477214
STM,STM,STMicroelectronics N.V. Common Stock,NYSE,Unknown,Unknown,,12470722
C,C,"Citigroup, Inc. Common Stock",NYSE,Unknown,Unknown,,12350550
CSX,CSX,CSX Corporation - Common Stock,NASDAQ,Unknown,Unknown,,12280680
MCHP,MCHP,Microchip Technology Incorporated - Common Stock,NASDAQ,Unknown,Unknown,,12249970
BMY,BMY,Bristol-Myers Squibb Company Common Stock,NYSE,Unknown,Unknown,,12218064
NEE,NEE,"NextEra Energy, Inc. Common Stock",NYSE,Unknown,Unknown,,12191442
DOW,DOW,Dow Inc. Common Stock ,NYSE,Unknown,Unknown,,12054284
CVNA,CVNA,Carvana Co. Class A Common Stock,NYSE,Unknown,Unknown,,11586194
PR,PR,Permian Resources Corporation Class A Common Stock,NYSE,Unknown,Unknown,,11581104
LRCX,LRCX,Lam Research Corporation - Common Stock,NASDAQ,Unknown,Unknown,,11554038
HAL,HAL,Halliburton Company Common Stock,NYSE,Unknown,Unknown,,11501570
KEY,KEY,KeyCorp Common Stock,NYSE,Unknown,Unknown,,11472446
VTRS,VTRS,Viatris Inc. - Common Stock,NASDAQ,Unknown,Unknown,,11415014
CPRT,CPRT,"Copart, Inc. - Common Stock",NASDAQ,Unknown,Unknown,,11343306
SCHW,SCHW,Charles Schwab Corporation (The) Common Stock,NYSE,Unknown,Unknown,,11231992
CTSH,CTSH,Cognizant Technology Solutions Corporation - Class A Common Stock,NASDAQ,Unknown,Unknown,,11168920
OXY,OXY,Occidental Petroleum Corporation Common Stock,NYSE,Unknown,Unknown,,11102054
SHOP,SHOP,Shopify Inc. - Class A Subordinate Voting Shares,NASDAQ,Unknown,Unknown,,10935884
MDLN,MDLN,Medline Inc. - Class A common stock,NASDAQ,Unknown,Unknown,,10772380
MDT,MDT,Medtronic plc. Ordinary Shares,NYSE,Unknown,Unknown,,10725952
RF,RF,Regions Financial Corporation Common Stock,NYSE,Unknown,Unknown,,10702812
MRK,MRK,"Merck & Company, Inc. Common Stock (new)",NYSE,Unknown,Unknown,,10651636
GIS,GIS,"General Mills, Inc. Common Stock",NYSE,Unknown,Unknown,,10633118
APH,APH,Amphenol Corporation Common Stock,NYSE,Unknown,Unknown,,10450624
ANET,ANET,"Arista Networks, Inc. Common Stock",NYSE,Unknown,Unknown,,10339352
BTDR,BTDR,Bitdeer Technologies Group - Ordinary Shares,NASDAQ,Unknown,Unknown,,10263904
AES,AES,The AES Corporation Common Stock,NYSE,Unknown,Unknown,,10195990
DIS,DIS,Walt Disney Company (The) Common Stock,NYSE,Unknown,Unknown,,10185720
RUN,RUN,Sunrun Inc. - Common Stock,NASDAQ,Unknown,Unknown,,10180086
SLS,SLS,"SELLAS Life Sciences Group, Inc.  - Common Stock",NASDAQ,Unknown,Unknown,,10160154
KMI,KMI,"Kinder Morgan, Inc. Common Stock",NYSE,Unknown,Unknown,,10130750
AMAT,AMAT,"Applied Materials, Inc. - Common Stock",NASDAQ,Unknown,Unknown,,10072490
PPL,PPL,PPL Corporation Common Stock,NYSE,Unknown,Unknown,,9948926
CHWY,CHWY,"Chewy, Inc. Class A Common Stock",NYSE,Unknown,Unknown,,9932446
AXTI,AXTI,AXT Inc - Common Stock,NASDAQ,Unknown,Unknown,,9914670
VICI,VICI,VICI Properties Inc. Common Stock,NYSE,Unknown,Unknown,,9851470
ZETA,ZETA,Zeta Global Holdings Corp. Class A Common Stock,NYSE,Unknown,Unknown,,9775732
CELH,CELH,"Celsius Holdings, Inc. - Common Stock",NASDAQ,Unknown,Unknown,,9737168
CVX,CVX,Chevron Corporation Common Stock,NYSE,Unknown,Unknown,,9726628
AVTR,AVTR,"Avantor, Inc. Common Stock",NYSE,Unknown,Unknown,,9643192
BP,BP,BP p.l.c. Common Stock,NYSE,Unknown,Unknown,,9537008
JPM,JPM,JP Morgan Chase & Co. Common Stock,NYSE,Unknown,Unknown,,9473900
CPB,CPB,The Campbell's Company - Common Stock,NASDAQ,Unknown,Unknown,,9414048
U,U,Unity Software Inc. Common Stock,NYSE,Unknown,Unknown,,9392446
IBM,IBM,International Business Machines Corporation Common Stock,NYSE,Unknown,Unknown,,9366054
HST,HST,"Host Hotels & Resorts, Inc. - Common Stock",NASDAQ,Unknown,Unknown,,9320006
MOS,MOS,Mosaic Company (The) Common Stock,NYSE,Unknown,Unknown,,9286340
DELL,DELL,Dell Technologies Inc. Class C Common Stock ,NYSE,Unknown,Unknown,,9286092
ECHO,ECHO,EchoStar Corporation - Common stock,NASDAQ,Unknown,Unknown,,9132808
EXC,EXC,Exelon Corporation - Common Stock,NASDAQ,Unknown,Unknown,,9092074
PG,PG,Procter & Gamble Company (The) Common Stock,NYSE,Unknown,Unknown,,9088058
TFC,TFC,Truist Financial Corporation Common Stock,NYSE,Unknown,Unknown,,9020414
USB,USB,U.S. Bancorp Common Stock,NYSE,Unknown,Unknown,,8982472
COIN,COIN,"Coinbase Global, Inc. - Class A Common Stock",NASDAQ,Unknown,Unknown,,8943416
DOC,DOC,"Healthpeak Properties, Inc. Common Stock",NYSE,Unknown,Unknown,,8940918
TXN,TXN,Texas Instruments Incorporated - Common Stock,NASDAQ,Unknown,Unknown,,8849854
WDC,WDC,Western Digital Corporation - Common Stock,NASDAQ,Unknown,Unknown,,8843770
MO,MO,"Altria Group, Inc.",NYSE,Unknown,Unknown,,8775354
HDB,HDB,HDFC Bank Limited Common Stock,NYSE,Unknown,Unknown,,8760240
CNQ,CNQ,Canadian Natural Resources Limited Common Stock,NYSE,Unknown,Unknown,,8717938
SNOW,SNOW,Snowflake Inc. Common Stock,NYSE,Unknown,Unknown,,8710242
MDLZ,MDLZ,"Mondelez International, Inc. - Class A Common Stock",NASDAQ,Unknown,Unknown,,8695858
V,V,Visa Inc.,NYSE,Unknown,Unknown,,8672644
CRDO,CRDO,Credo Technology Group Holding Ltd - Ordinary Shares,NASDAQ,Unknown,Unknown,,8658906
AMPX,AMPX,"Amprius Technologies, Inc. Common Stock",NYSE,Unknown,Unknown,,8652926
PEP,PEP,"PepsiCo, Inc. - Common Stock",NASDAQ,Unknown,Unknown,,8645120
ACN,ACN,Accenture plc Class A Ordinary Shares (Ireland),NYSE,Unknown,Unknown,,8614010
CVE,CVE,Cenovus Energy Inc Common Stock,NYSE,Unknown,Unknown,,8604868
KGC,KGC,Kinross Gold Corporation Common Stock,NYSE,Unknown,Unknown,,8531020
GAP,GAP,"Gap, Inc. (The) Common Stock",NYSE,Unknown,Unknown,,8466504
PANW,PANW,"Palo Alto Networks, Inc. - Common Stock",NASDAQ,Unknown,Unknown,,8450748
SAN,SAN,"Banco Santander, S.A. Sponsored ADR (Spain)",NYSE,Unknown,Unknown,,8447516
MRNA,MRNA,"Moderna, Inc. - Common Stock",NASDAQ,Unknown,Unknown,,8391544
BKR,BKR,Baker Hughes Company - Common Stock,NASDAQ,Unknown,Unknown,,8384722
CVS,CVS,CVS Health Corporation Common Stock,NYSE,Unknown,Unknown,,8373878
ENPH,ENPH,"Enphase Energy, Inc. - Common Stock",NASDAQ,Unknown,Unknown,,8349960
CBRS,CBRS,Cerebras Systems Inc. - Class A Common Stock,NASDAQ,Unknown,Unknown,,8295407
WOLF,WOLF,"Wolfspeed, Inc. Common Stock New",NYSE,Unknown,Unknown,,8256618
S,S,"SentinelOne, Inc. Class A Common Stock",NYSE,Unknown,Unknown,,8181970
JNJ,JNJ,Johnson & Johnson Common Stock,NYSE,Unknown,Unknown,,8166184
FISV,FISV,"Fiserv, Inc. - Common Stock",NASDAQ,Unknown,Unknown,,8072188
BKNG,BKNG,Booking Holdings Inc. - Common Stock,NASDAQ,Unknown,Unknown,,8064368
FSLY,FSLY,"Fastly, Inc. - Class A Common Stock",NASDAQ,Unknown,Unknown,,8059436
GM,GM,General Motors Company Common Stock,NYSE,Unknown,Unknown,,8020414
SBUX,SBUX,Starbucks Corporation - Common Stock,NASDAQ,Unknown,Unknown,,8015974
NEM,NEM,Newmont Corporation,NYSE,Unknown,Unknown,,8008428
VIAV,VIAV,Viavi Solutions Inc. - Common Stock,NASDAQ,Unknown,Unknown,,7976786
ZTS,ZTS,Zoetis Inc. Class A Common Stock,NYSE,Unknown,Unknown,,7944786
GILD,GILD,"Gilead Sciences, Inc. - Common Stock",NASDAQ,Unknown,Unknown,,7917618
DAL,DAL,"Delta Air Lines, Inc. Common Stock",NYSE,Unknown,Unknown,,7879844
D,D,"Dominion Energy, Inc. Common Stock",NYSE,Unknown,Unknown,,7854668
JBS,JBS,JBS N.V. Class A Common Shares,NYSE,Unknown,Unknown,,7843996
CSGP,CSGP,"CoStar Group, Inc. - Common Stock",NASDAQ,Unknown,Unknown,,7833152
FLEX,FLEX,Flex Ltd. - Ordinary Shares,NASDAQ,Unknown,Unknown,,7809778
KR,KR,Kroger Company (The) Common Stock,NYSE,Unknown,Unknown,,7796840
VSH,VSH,"Vishay Intertechnology, Inc. Common Stock",NYSE,Unknown,Unknown,,7793976
ORLY,ORLY,"O'Reilly Automotive, Inc. - Common Stock",NASDAQ,Unknown,Unknown,,7768478
OSCR,OSCR,"Oscar Health, Inc. Class A Common Stock",NYSE,Unknown,Unknown,,7733820
GEN,GEN,Gen Digital Inc. - Common Stock,NASDAQ,Unknown,Unknown,,7717510
COP,COP,ConocoPhillips Common Stock,NYSE,Unknown,Unknown,,7694470
IBN,IBN,ICICI Bank Limited Common Stock,NYSE,Unknown,Unknown,,7649018
VFC,VFC,V.F. Corporation Common Stock,NYSE,Unknown,Unknown,,7605728
FLY,FLY,Firefly Aerospace Inc. - Common Stock,NASDAQ,Unknown,Unknown,,7596990
JHX,JHX,James Hardie Industries plc. Ordinary Shares,NYSE,Unknown,Unknown,,7520962
FPS,FPS,"Forgent Power Solutions, Inc. Class A Common Stock",NYSE,Unknown,Unknown,,7433668
NLY,NLY,Annaly Capital Management Inc. Common Stock,NYSE,Unknown,Unknown,,7423760
VISN,VISN,"Vistance Networks, Inc.  - Common Stock",NASDAQ,Unknown,Unknown,,7422862
CZR,CZR,"Caesars Entertainment, Inc. - Common Stock",NASDAQ,Unknown,Unknown,,7276860
ABBV,ABBV,AbbVie Inc. Common Stock,NYSE,Unknown,Unknown,,7276620
KVYO,KVYO,"Klaviyo, Inc. Series A Common Stock",NYSE,Unknown,Unknown,,7263918
BAX,BAX,Baxter International Inc. Common Stock,NYSE,Unknown,Unknown,,7253490
GME,GME,GameStop Corporation Common Stock,NYSE,Unknown,Unknown,,7240668
EQT,EQT,EQT Corporation Common Stock,NYSE,Unknown,Unknown,,7235936
ACI,ACI,"Albertsons Companies, Inc. Class A Common Stock",NYSE,Unknown,Unknown,,7235188
FAST,FAST,Fastenal Company - Common Stock,NASDAQ,Unknown,Unknown,,7175106
WMB,WMB,"Williams Companies, Inc. (The) Common Stock",NYSE,Unknown,Unknown,,7136084
STUB,STUB,"StubHub Holdings, Inc. Class A Common Stock",NYSE,Unknown,Unknown,,6959076
GPK,GPK,Graphic Packaging Holding Company,NYSE,Unknown,Unknown,,6941732
FITB,FITB,Fifth Third Bancorp Common Stock,NYSE,Unknown,Unknown,,6874510
FIS,FIS,"Fidelity National Information Services, Inc. Common Stock",NYSE,Unknown,Unknown,,6829336
TEM,TEM,"Tempus AI, Inc. - Class A Common Stock",NASDAQ,Unknown,Unknown,,6776646
GLXY,GLXY,Galaxy Digital Inc. - Class A common stock,NASDAQ,Unknown,Unknown,,6771612
NTLA,NTLA,"Intellia Therapeutics, Inc. - Common Stock",NASDAQ,Unknown,Unknown,,6736624
UNH,UNH,UnitedHealth Group Incorporated Common Stock (DE),NYSE,Unknown,Unknown,,6666264
ALHC,ALHC,"Alignment Healthcare, Inc. - Common Stock",NASDAQ,Unknown,Unknown,,6625410
APPS,APPS,"Digital Turbine, Inc. - Common Stock",NASDAQ,Unknown,Unknown,,6622960
LUV,LUV,Southwest Airlines Company Common Stock,NYSE,Unknown,Unknown,,6554974
INHD,INHD,Inno Holdings Inc. - Common Stock,NASDAQ,Unknown,Unknown,,6508693
ADBE,ADBE,Adobe Inc. - Common Stock,NASDAQ,Unknown,Unknown,,6508210
FTNT,FTNT,"Fortinet, Inc. - Common Stock",NASDAQ,Unknown,Unknown,,6494306
IP,IP,International Paper Company Common Stock,NYSE,Unknown,Unknown,,6475602
CARR,CARR,Carrier Global Corporation Common Stock ,NYSE,Unknown,Unknown,,6465542
HUN,HUN,Huntsman Corporation Common Stock,NYSE,Unknown,Unknown,,6446912
BA,BA,Boeing Company (The) Common Stock,NYSE,Unknown,Unknown,,6445862
M,M,Macy's Inc Common Stock,NYSE,Unknown,Unknown,,6406740
CRBG,CRBG,Corebridge Financial Inc. Common Stock,NYSE,Unknown,Unknown,,6346048
XP,XP,XP Inc. - Class A Common Stock,NASDAQ,Unknown,Unknown,,6302456
TEAM,TEAM,Atlassian Corporation  - Class A Common Stock,NASDAQ,Unknown,Unknown,,6296162
BRBR,BRBR,"BellRing Brands, Inc. Common Stock ",NYSE,Unknown,Unknown,,6279382
SO,SO,Southern Company (The) Common Stock,NYSE,Unknown,Unknown,,6268390
O,O,Realty Income Corporation Common Stock,NYSE,Unknown,Unknown,,6251940
VRT,VRT,"Vertiv Holdings, LLC Class A Common Stock",NYSE,Unknown,Unknown,,6251220
ABSI,ABSI,Absci Corporation - Common Stock,NASDAQ,Unknown,Unknown,,6236740
FOXA,FOXA,Fox Corporation - Class A Common Stock,NASDAQ,Unknown,Unknown,,6234054
TJX,TJX,"TJX Companies, Inc. (The) Common Stock",NYSE,Unknown,Unknown,,6218338
ROIV,ROIV,Roivant Sciences Ltd. - Common Shares,NASDAQ,Unknown,Unknown,,6215568
IOT,IOT,Samsara Inc. Class A Common Stock,NYSE,Unknown,Unknown,,6201234
ALAB,ALAB,"Astera Labs, Inc. - Common Stock",NASDAQ,Unknown,Unknown,,6163548
GTLB,GTLB,GitLab Inc. - Class A Common Stock,NASDAQ,Unknown,Unknown,,6157808
DDOG,DDOG,"Datadog, Inc. - Class A Common Stock",NASDAQ,Unknown,Unknown,,6148976
ELAN,ELAN,Elanco Animal Health Incorporated Common Stock,NYSE,Unknown,Unknown,,6131638
COHR,COHR,Coherent Corp. Common Stock,NYSE,Unknown,Unknown,,6131446
BBWI,BBWI,"Bath & Body Works, Inc.",NYSE,Unknown,Unknown,,6077744
DXCM,DXCM,"DexCom, Inc. - Common Stock",NASDAQ,Unknown,Unknown,,6063232
DT,DT,"Dynatrace, Inc. Common Stock",NYSE,Unknown,Unknown,,6057602
APA,APA,APA Corporation - Common Stock,NASDAQ,Unknown,Unknown,,6042976
MP,MP,MP Materials Corp. Common Stock,NYSE,Unknown,Unknown,,6041828
CNP,CNP,"CenterPoint Energy, Inc (Holding Co) Common Stock",NYSE,Unknown,Unknown,,6037402
VLY,VLY,Valley National Bancorp - Common Stock,NASDAQ,Unknown,Unknown,,6035708
XRAY,XRAY,DENTSPLY SIRONA Inc. - Common Stock,NASDAQ,Unknown,Unknown,,6026804
XYZ,XYZ,"Block, Inc. Class A Common Stock,",NYSE,Unknown,Unknown,,5998354
ONON,ONON,On Holding AG Class A Ordinary Shares,NYSE,Unknown,Unknown,,5924552
KLAR,KLAR,Klarna Group plc Ordinary Shares,NYSE,Unknown,Unknown,,5876220
LITE,LITE,Lumentum Holdings Inc. - Common Stock,NASDAQ,Unknown,Unknown,,5875206
XEL,XEL,Xcel Energy Inc. - Common Stock,NASDAQ,Unknown,Unknown,,5872408
NTSK,NTSK,"Netskope, Inc. - Class A Common Stock",NASDAQ,Unknown,Unknown,,5839170
MNST,MNST,Monster Beverage Corporation - Common Stock,NASDAQ,Unknown,Unknown,,5826054
REPL,REPL,"Replimune Group, Inc. - Common Stock",NASDAQ,Unknown,Unknown,,5815580
INVH,INVH,Invitation Homes Inc. Common Stock,NYSE,Unknown,Unknown,,5798666
MS,MS,Morgan Stanley Common Stock,NYSE,Unknown,Unknown,,5769062
IAG,IAG,Iamgold Corporation Ordinary Shares,NYSE,Unknown,Unknown,,5756226
SHLS,SHLS,"Shoals Technologies Group, Inc. - Class A Common Stock",NASDAQ,Unknown,Unknown,,5755968
SW,SW,Smurfit WestRock plc Ordinary Shares,NYSE,Unknown,Unknown,,5743886
TU,TU,Telus Corporation Ordinary Shares,NYSE,Unknown,Unknown,,5739406
AMKR,AMKR,"Amkor Technology, Inc. - Common Stock",NASDAQ,Unknown,Unknown,,5736778
WY,WY,Weyerhaeuser Company Common Stock,NYSE,Unknown,Unknown,,5728862
CNC,CNC,Centene Corporation Common Stock,NYSE,Unknown,Unknown,,5724634
HBM,HBM,Hudbay Minerals Inc. Ordinary Shares (Canada),NYSE,Unknown,Unknown,,5719832
PUMP,PUMP,ProPetro Holding Corp. Common Stock,NYSE,Unknown,Unknown,,5707614
UAL,UAL,"United Airlines Holdings, Inc. - Common Stock",NASDAQ,Unknown,Unknown,,5677094
UPS,UPS,"United Parcel Service, Inc. Common Stock",NYSE,Unknown,Unknown,,5664662
ERAS,ERAS,"Erasca, Inc. - Common Stock",NASDAQ,Unknown,Unknown,,5664008
SMMT,SMMT,Summit Therapeutics Inc.  - Common Stock,NASDAQ,Unknown,Unknown,,5625020
GEHC,GEHC,GE HealthCare Technologies Inc. - Common Stock,NASDAQ,Unknown,Unknown,,5595680
LYB,LYB,LyondellBasell Industries NV Ordinary Shares Class A (Netherlands),NYSE,Unknown,Unknown,,5589438
XNDU,XNDU,Xanadu Quantum Technologies Limited - Class B Subordinate Voting Shares,NASDAQ,Unknown,Unknown,,5588866
SWKS,SWKS,"Skyworks Solutions, Inc. - Common Stock",NASDAQ,Unknown,Unknown,,5560704
NWSA,NWSA,News Corporation - Class A Common Stock,NASDAQ,Unknown,Unknown,,5544558
HRL,HRL,Hormel Foods Corporation Common Stock,NYSE,Unknown,Unknown,,5522770
TMUS,TMUS,"T-Mobile US, Inc. - Common Stock",NASDAQ,Unknown,Unknown,,5497534
STNE,STNE,StoneCo Ltd. - Class A Common Share,NASDAQ,Unknown,Unknown,,5494118
CHYM,CHYM,"Chime Financial, Inc. - Class A Common Stock",NASDAQ,Unknown,Unknown,,5491516
AKAM,AKAM,"Akamai Technologies, Inc. - Common Stock",NASDAQ,Unknown,Unknown,,5482480
INTU,INTU,Intuit Inc. - Common Stock,NASDAQ,Unknown,Unknown,,5460046
RTX,RTX,RTX Corporation Common Stock,NYSE,Unknown,Unknown,,5452436
PK,PK,Park Hotels & Resorts Inc. Common Stock ,NYSE,Unknown,Unknown,,5438102
AA,AA,Alcoa Corporation Common Stock ,NYSE,Unknown,Unknown,,5415364
CL,CL,Colgate-Palmolive Company Common Stock,NYSE,Unknown,Unknown,,5401472
OUST,OUST,"Ouster, Inc. - Common Stock",NASDAQ,Unknown,Unknown,,5400610
BCRX,BCRX,"BioCryst Pharmaceuticals, Inc. - Common Stock",NASDAQ,Unknown,Unknown,,5389922
ALM,ALM,Almonty Industries Inc. - Common Shares,NASDAQ,Unknown,Unknown,,5389748
SIRI,SIRI,SiriusXM Holdings Inc. - Common Stock,NASDAQ,Unknown,Unknown,,5376444
KSS,KSS,Kohl's Corporation Common Stock,NYSE,Unknown,Unknown,,5341636
AEP,AEP,"American Electric Power Company, Inc. - Common Stock",NASDAQ,Unknown,Unknown,,5334014
AEO,AEO,"American Eagle Outfitters, Inc. Common Stock",NYSE,Unknown,Unknown,,5303928
TECH,TECH,Bio-Techne Corp - Common Stock,NASDAQ,Unknown,Unknown,,5302332
BCS,BCS,Barclays PLC Common Stock,NYSE,Unknown,Unknown,,5287380
FTI,FTI,TechnipFMC plc Ordinary Share,NYSE,Unknown,Unknown,,5274214
LFST,LFST,"LifeStance Health Group, Inc. - Common Stock",NASDAQ,Unknown,Unknown,,5263206
TGT,TGT,Target Corporation Common Stock,NYSE,Unknown,Unknown,,5254272
WDAY,WDAY,"Workday, Inc. - Class A Common Stock",NASDAQ,Unknown,Unknown,,5234284
APP,APP,Applovin Corporation - Class A Common Stock,NASDAQ,Unknown,Unknown,,5205012
RDDT,RDDT,"Reddit, Inc. Class A Common Stock",NYSE,Unknown,Unknown,,5168834
GE,GE,GE Aerospace Common Stock,NYSE,Unknown,Unknown,,5164522
DASH,DASH,"DoorDash, Inc. - Common Stock",NASDAQ,Unknown,Unknown,,5157270
BX,BX,Blackstone Inc. Common Stock,NYSE,Unknown,Unknown,,5153596
HD,HD,"Home Depot, Inc. (The) Common Stock",NYSE,Unknown,Unknown,,5153232
BRK-B,BRK.B,Berkshire Hathaway Inc. New Common Stock,NYSE,Unknown,Unknown,,5143014
FE,FE,FirstEnergy Corp. Common Stock,NYSE,Unknown,Unknown,,5138114
XE,XE,"X-Energy, Inc. - Class A Common Stock",NASDAQ,Unknown,Unknown,,5124574
IVZ,IVZ,Invesco Ltd Common Stock,NYSE,Unknown,Unknown,,5119494
EBAY,EBAY,eBay Inc. - Common Stock,NASDAQ,Unknown,Unknown,,5085778
PAAS,PAAS,Pan American Silver Corp. Common Stock,NYSE,Unknown,Unknown,,5084028
KTOS,KTOS,"Kratos Defense & Security Solutions, Inc. - Common Stock",NASDAQ,Unknown,Unknown,,5059696
ZS,ZS,"Zscaler, Inc. - Common Stock",NASDAQ,Unknown,Unknown,,5038986
KIM,KIM,Kimco Realty Corporation (HC) Common Stock,NYSE,Unknown,Unknown,,5011486
RELY,RELY,"Remitly Global, Inc. - Common stock",NASDAQ,Unknown,Unknown,,5010416
DXYZ,DXYZ,Destiny Tech100 Inc. Common Stock,NYSE,Unknown,Unknown,,5007186
IBKR,IBKR,"Interactive Brokers Group, Inc. - Class A Common Stock",NASDAQ,Unknown,Unknown,,5001332
PM,PM,Philip Morris International Inc Common Stock,NYSE,Unknown,Unknown,,4962638
HON,HON,Honeywell International Inc. - Common Stock,NASDAQ,Unknown,Unknown,,4936400
CRH,CRH,CRH PLC Ordinary Shares,NYSE,Unknown,Unknown,,4936174
INIO,INIO,INNIO N.V. - Ordinary Shares,NASDAQ,Unknown,Unknown,,4934752
ADI,ADI,"Analog Devices, Inc. - Common Stock",NASDAQ,Unknown,Unknown,,4925882
MGM,MGM,MGM Resorts International Common Stock,NYSE,Unknown,Unknown,,4919910
QNT,QNT,Quantinuum Inc. - Class A Common Stock,NASDAQ,Unknown,Unknown,,4911904
MXL,MXL,"MaxLinear, Inc - Common Stock",NASDAQ,Unknown,Unknown,,4911104
EW,EW,Edwards Lifesciences Corporation Common Stock,NYSE,Unknown,Unknown,,4901636
AFRM,AFRM,"Affirm Holdings, Inc. - Class A Common Stock",NASDAQ,Unknown,Unknown,,4897790
GFS,GFS,GlobalFoundries Inc. - Ordinary Share,NASDAQ,Unknown,Unknown,,4891942
VST,VST,Vistra Corp. Common Stock,NYSE,Unknown,Unknown,,4880750
ROKU,ROKU,"Roku, Inc. - Class A Common Stock",NASDAQ,Unknown,Unknown,,4850584
UPST,UPST,"Upstart Holdings, Inc. - Common stock",NASDAQ,Unknown,Unknown,,4803830
COLD,COLD,"Americold Realty Trust, Inc. Common Stock",NYSE,Unknown,Unknown,,4784596
ZM,ZM,"Zoom Communications, Inc. - Class A Common Stock",NASDAQ,Unknown,Unknown,,4773052
COF,COF,Capital One Financial Corporation Common Stock,NYSE,Unknown,Unknown,,4771680
AR,AR,Antero Resources Corporation Common Stock,NYSE,Unknown,Unknown,,4765734
TER,TER,"Teradyne, Inc. - Common Stock",NASDAQ,Unknown,Unknown,,4738104
CX,CX,"Cemex, S.A.B. de C.V. Sponsored ADR",NYSE,Unknown,Unknown,,4711064
KMB,KMB,Kimberly-Clark Corporation - Common Stock,NASDAQ,Unknown,Unknown,,4701850
KKR,KKR,KKR & Co. Inc. Common Stock,NYSE,Unknown,Unknown,,4699668
NAVN,NAVN,"Navan, Inc. - Class A Common Stock",NASDAQ,Unknown,Unknown,,4698242
HUT,HUT,Hut 8 Corp. - Common Stock,NASDAQ,Unknown,Unknown,,4673048
FNB,FNB,F.N.B. Corporation Common Stock,NYSE,Unknown,Unknown,,4668684
SAIL,SAIL,"SailPoint, Inc. - Common Stock",NASDAQ,Unknown,Unknown,,4668048
FLG,FLG,"Flagstar Bank, N.A. Common Stock",NYSE,Unknown,Unknown,,4659014
BEN,BEN,"Franklin Resources, Inc. Common Stock",NYSE,Unknown,Unknown,,4648388
MAT,MAT,"Mattel, Inc. - Common Stock",NASDAQ,Unknown,Unknown,,4634268
UDR,UDR,"UDR, Inc. Common Stock",NYSE,Unknown,Unknown,,4618830
MCD,MCD,McDonald's Corporation Common Stock,NYSE,Unknown,Unknown,,4569478
ASST,ASST,"Strive, Inc. - Class A Common Stock",NASDAQ,Unknown,Unknown,,4564982
STX,STX,Seagate Technology Holdings PLC - Ordinary Shares (Ireland),NASDAQ,Unknown,Unknown,,4564088
ICE,ICE,Intercontinental Exchange Inc. Common Stock,NYSE,Unknown,Unknown,,4560604
BN,BN,Brookfield Corporation Class A Limited Voting Shares,NYSE,Unknown,Unknown,,4558296
DX,DX,"Dynex Capital, Inc. Common Stock",NYSE,Unknown,Unknown,,4556206
Z,Z,"Zillow Group, Inc. - Class C Capital Stock",NASDAQ,Unknown,Unknown,,4554914
NI,NI,NiSource Inc Common Stock,NYSE,Unknown,Unknown,,4554498
VTR,VTR,"Ventas, Inc. Common Stock",NYSE,Unknown,Unknown,,4536492
CART,CART,Maplebear Inc. - Common Stock,NASDAQ,Unknown,Unknown,,4523476
LVS,LVS,Las Vegas Sands Corp. Common Stock,NYSE,Unknown,Unknown,,4511664
TNGX,TNGX,"Tango Therapeutics, Inc. - Common Stock",NASDAQ,Unknown,Unknown,,4499644
BKD,BKD,Brookdale Senior Living Inc. Common Stock,NYSE,Unknown,Unknown,,4482852
KNX,KNX,Knight-Swift Transportation Holdings Inc.,NYSE,Unknown,Unknown,,4481568
HR,HR,Healthcare Realty Trust Incorporated Common Stock,NYSE,Unknown,Unknown,,4474582
KD,KD,"Kyndryl Holdings, Inc. Common Stock",NYSE,Unknown,Unknown,,4472208
FRVO,FRVO,Fervo Energy Company - Class A common stock,NASDAQ,Unknown,Unknown,,4462215
RLAY,RLAY,"Relay Therapeutics, Inc. - Common Stock",NASDAQ,Unknown,Unknown,,4459006
DHR,DHR,Danaher Corporation Common Stock,NYSE,Unknown,Unknown,,4457510
CFG,CFG,"Citizens Financial Group, Inc. Common Stock",NYSE,Unknown,Unknown,,4456588
OMC,OMC,Omnicom Group Inc. Common Stock,NYSE,Unknown,Unknown,,4427206
HMY,HMY,Harmony Gold Mining Company Limited,NYSE,Unknown,Unknown,,4421514
AIG,AIG,"American International Group, Inc. New Common Stock",NYSE,Unknown,Unknown,,4411744
MKC,MKC,"McCormick & Company, Incorporated Common Stock",NYSE,Unknown,Unknown,,4404792
ENB,ENB,Enbridge Inc Common Stock,NYSE,Unknown,Unknown,,4398530
EQH,EQH,"Equitable Holdings, Inc. Common Stock",NYSE,Unknown,Unknown,,4359582
JCI,JCI,Johnson Controls International plc Ordinary Share,NYSE,Unknown,Unknown,,4342072
ESI,ESI,Element Solutions Inc. Common Stock,NYSE,Unknown,Unknown,,4341772
SU,SU,Suncor Energy  Inc. Common Stock,NYSE,Unknown,Unknown,,4332324
NXPI,NXPI,NXP Semiconductors N.V. - Common Stock,NASDAQ,Unknown,Unknown,,4315040
DOCS,DOCS,"Doximity, Inc. Class A Common Stock",NYSE,Unknown,Unknown,,4313724
MRAM,MRAM,"Everspin Technologies, Inc. - Common Stock",NASDAQ,Unknown,Unknown,,4307464
AS,AS,"Amer Sports, Inc. Ordinary Shares",NYSE,Unknown,Unknown,,4282378
BBY,BBY,"Best Buy Co., Inc. Common Stock",NYSE,Unknown,Unknown,,4278674
AGI,AGI,Alamos Gold Inc. Class A Common Shares,NYSE,Unknown,Unknown,,4278400
INSM,INSM,Insmed Incorporated - Common Stock,NASDAQ,Unknown,Unknown,,4270162
NTNX,NTNX,"Nutanix, Inc. - Class A Common Stock",NASDAQ,Unknown,Unknown,,4265766
NOV,NOV,NOV Inc. Common Stock,NYSE,Unknown,Unknown,,4247298
NET,NET,"Cloudflare, Inc. Class A Common Stock",NYSE,Unknown,Unknown,,4234750
ROL,ROL,"Rollins, Inc. Common Stock",NYSE,Unknown,Unknown,,4234382
MIR,MIR,"Mirion Technologies, Inc. Class A Common Stock",NYSE,Unknown,Unknown,,4208604
PGY,PGY,Pagaya Technologies Ltd. - Class A Ordinary Shares,NASDAQ,Unknown,Unknown,,4190162
W,W,Wayfair Inc. Class A Common Stock,NYSE,Unknown,Unknown,,4184832
SARO,SARO,"StandardAero, Inc. Common Stock",NYSE,Unknown,Unknown,,4184642
BTI,BTI,"British American Tobacco  Industries, p.l.c. Common Stock ADR",NYSE,Unknown,Unknown,,4172044
CCI,CCI,Crown Castle Inc. Common Stock,NYSE,Unknown,Unknown,,4168674
SM,SM,SM Energy Company Common Stock,NYSE,Unknown,Unknown,,4160926
FIGR,FIGR,"Figure Technology Solutions, Inc. - Class A Common Stock",NASDAQ,Unknown,Unknown,,4091490
IR,IR,Ingersoll Rand Inc. Common Stock,NYSE,Unknown,Unknown,,4088848
DBX,DBX,"Dropbox, Inc. - Class A Common Stock",NASDAQ,Unknown,Unknown,,4063588
FHN,FHN,First Horizon Corporation Common Stock,NYSE,Unknown,Unknown,,4060364
OGN,OGN,Organon & Co. Common Stock ,NYSE,Unknown,Unknown,,4041192
SDOT,SDOT,Sadot Group Inc. - Common Stock,NASDAQ,Unknown,Unknown,,4021874
CTVA,CTVA,"Corteva, Inc. Common Stock ",NYSE,Unknown,Unknown,,4012132
APO,APO,"Apollo Global Management, Inc. (New) Common Stock",NYSE,Unknown,Unknown,,4009882
FMC,FMC,FMC Corporation Common Stock,NYSE,Unknown,Unknown,,4004644
BW,BW,"Babcock & Wilcox Enterprises, Inc. Common Stock",NYSE,Unknown,Unknown,,3999110
MA,MA,Mastercard Incorporated Common Stock,NYSE,Unknown,Unknown,,3991650
GPN,GPN,Global Payments Inc. Common Stock,NYSE,Unknown,Unknown,,3982142
SUNB,SUNB,"Sunbelt Rentals Holdings, Inc. Common Stock",NYSE,Unknown,Unknown,,3979780
DOCU,DOCU,"DocuSign, Inc. - Common Stock",NASDAQ,Unknown,Unknown,,3962806
VELO,VELO,"Velo3D, Inc. - Common stock",NASDAQ,Unknown,Unknown,,3952652
DLTR,DLTR,"Dollar Tree, Inc. - Common Stock",NASDAQ,Unknown,Unknown,,3950316
TRIP,TRIP,"TripAdvisor, Inc. - Common Stock",NASDAQ,Unknown,Unknown,,3948234
BROS,BROS,Dutch Bros Inc. Class A Common Stock,NYSE,Unknown,Unknown,,3937494
RPRX,RPRX,Royalty Pharma plc - Class A Ordinary Shares,NASDAQ,Unknown,Unknown,,3932158
OKE,OKE,"ONEOK, Inc. Common Stock",NYSE,Unknown,Unknown,,3928694
PENG,PENG,"Penguin Solutions, Inc. - Common Stock",NASDAQ,Unknown,Unknown,,3922068
ELF,ELF,"e.l.f. Beauty, Inc. Common Stock",NYSE,Unknown,Unknown,,3920840
NDAQ,NDAQ,"Nasdaq, Inc. - Common Stock",NASDAQ,Unknown,Unknown,,3920800
RBRK,RBRK,"Rubrik, Inc. Class A Common Stock",NYSE,Unknown,Unknown,,3895294
CEG,CEG,Constellation Energy Corporation - Common Stock When-Issued,NASDAQ,Unknown,Unknown,,3894024
OKTA,OKTA,"Okta, Inc. - Class A Common Stock",NASDAQ,Unknown,Unknown,,3892772
ADM,ADM,Archer-Daniels-Midland Company Common Stock,NYSE,Unknown,Unknown,,3888540
ABNB,ABNB,"Airbnb, Inc. - Class A Common Stock",NASDAQ,Unknown,Unknown,,3887788
SMTC,SMTC,Semtech Corporation - Common Stock,NASDAQ,Unknown,Unknown,,3886394
AMCR,AMCR,Amcor plc Ordinary Shares,NYSE,Unknown,Unknown,,3885722
BLZE,BLZE,"Backblaze, Inc. - Common Stock",NASDAQ,Unknown,Unknown,,3879344
SRE,SRE,DBA Sempra Common Stock,NYSE,Unknown,Unknown,,3879192
LULU,LULU,lululemon athletica inc. - Common Stock,NASDAQ,Unknown,Unknown,,3853420
EQNR,EQNR,Equinor ASA,NYSE,Unknown,Unknown,,3853328
BNY,BNY,The Bank of New York Mellon Corporation Common Stock,NYSE,Unknown,Unknown,,3833844
NCNO,NCNO,"nCino, Inc. - Common Stock",NASDAQ,Unknown,Unknown,,3815538
MFG,MFG,"Mizuho Financial Group, Inc. Sponosred ADR (Japan)",NYSE,Unknown,Unknown,,3814572
LPTH,LPTH,"LightPath Technologies, Inc. - Class A Common Stock",NASDAQ,Unknown,Unknown,,3802742
MMM,MMM,3M Company Common Stock,NYSE,Unknown,Unknown,,3801888
SGHC,SGHC,Super Group (SGHC) Limited Ordinary Shares,NYSE,Unknown,Unknown,,3792976
MAC,MAC,Macerich Company (The) Common Stock,NYSE,Unknown,Unknown,,3787964
PRMB,PRMB,Primo Brands Corporation Class A Common Stock,NYSE,Unknown,Unknown,,3787682
BCE,BCE,"BCE, Inc. Common Stock",NYSE,Unknown,Unknown,,3784028
SYF,SYF,Synchrony Financial Common Stock,NYSE,Unknown,Unknown,,3778520
TENB,TENB,"Tenable Holdings, Inc. - Common Stock",NASDAQ,Unknown,Unknown,,3778088
TTEK,TTEK,"Tetra Tech, Inc. - Common Stock",NASDAQ,Unknown,Unknown,,3777964
DOCN,DOCN,"DigitalOcean Holdings, Inc. Common Stock",NYSE,Unknown,Unknown,,3775942
ETR,ETR,Entergy Corporation Common Stock,NYSE,Unknown,Unknown,,3775914
OTIS,OTIS,Otis Worldwide Corporation Common Stock ,NYSE,Unknown,Unknown,,3759070
OPCH,OPCH,"Option Care Health, Inc. - Common Stock",NASDAQ,Unknown,Unknown,,3756524
EOG,EOG,"EOG Resources, Inc. Common Stock",NYSE,Unknown,Unknown,,3750242
BBIO,BBIO,"BridgeBio Pharma, Inc. - Common Stock",NASDAQ,Unknown,Unknown,,3744580
PENN,PENN,"PENN Entertainment, Inc. - Common Stock",NASDAQ,Unknown,Unknown,,3733454
SEDG,SEDG,"SolarEdge Technologies, Inc. - Common Stock",NASDAQ,Unknown,Unknown,,3730512
EL,EL,"Estee Lauder Companies, Inc. (The) Common Stock",NYSE,Unknown,Unknown,,3723538
APTV,APTV,Aptiv PLC Ordinary Shares,NYSE,Unknown,Unknown,,3715836
LION,LION,Lionsgate Studios Corp Common Shares,NYSE,Unknown,Unknown,,3686296
MTCH,MTCH,"Match Group, Inc. - Common Stock",NASDAQ,Unknown,Unknown,,3659542
OBDC,OBDC,Blue Owl Capital Corporation Common Stock,NYSE,Unknown,Unknown,,3652366
WELL,WELL,Welltower Inc. Common Stock,NYSE,Unknown,Unknown,,3649670
REAL,REAL,"The RealReal, Inc. - Common Stock",NASDAQ,Unknown,Unknown,,3646452
SYY,SYY,Sysco Corporation Common Stock,NYSE,Unknown,Unknown,,3639434
PLD,PLD,"Prologis, Inc. Common Stock",NYSE,Unknown,Unknown,,3621360
DG,DG,Dollar General Corporation Common Stock,NYSE,Unknown,Unknown,,3620340
MET,MET,"MetLife, Inc. Common Stock",NYSE,Unknown,Unknown,,3619924
CRNX,CRNX,"Crinetics Pharmaceuticals, Inc. - Common Stock",NASDAQ,Unknown,Unknown,,3618710
LBRT,LBRT,Liberty Energy Inc. Class A common stock,NYSE,Unknown,Unknown,,3618498
ONB,ONB,Old National Bancorp - Common Stock,NASDAQ,Unknown,Unknown,,3583300
CG,CG,The Carlyle Group Inc. - Common Stock,NASDAQ,Unknown,Unknown,,3577500
CHTR,CHTR,"Charter Communications, Inc. - Class A Common Stock",NASDAQ,Unknown,Unknown,,3576108
QSR,QSR,Restaurant Brands International Inc. Common Shares,NYSE,Unknown,Unknown,,3572270
BGC,BGC,"BGC Group, Inc. - Class A Common Stock",NASDAQ,Unknown,Unknown,,3566860
DUK,DUK,Duke Energy Corporation (Holding Company) Common Stock,NYSE,Unknown,Unknown,,3564410
P,P,"Everpure, Inc. Class A common stock",NYSE,Unknown,Unknown,,3560198
EXE,EXE,Expand Energy Corporation - Common Stock,NASDAQ,Unknown,Unknown,,3543352
BTSG,BTSG,"BrightSpring Health Services, Inc. - Common Stock",NASDAQ,Unknown,Unknown,,3521052
CME,CME,CME Group Inc. - Class A Common Stock,NASDAQ,Unknown,Unknown,,3514046
FIVN,FIVN,"Five9, Inc. - Common Stock",NASDAQ,Unknown,Unknown,,3503746
BTU,BTU,Peabody Energy Corporation Common Stock ,NYSE,Unknown,Unknown,,3501278
OVV,OVV,Ovintiv Inc. (DE),NYSE,Unknown,Unknown,,3491664
FIGS,FIGS,"FIGS, Inc. Class A Common Stock",NYSE,Unknown,Unknown,,3487386
HLIT,HLIT,Harmonic Inc. - Common Stock,NASDAQ,Unknown,Unknown,,3484530
AHR,AHR,"American Healthcare REIT, Inc. Common Stock",NYSE,Unknown,Unknown,,3467012
ING,ING,"ING Group, N.V. Common Stock",NYSE,Unknown,Unknown,,3465904
SHC,SHC,Sotera Health Company - Common Stock,NASDAQ,Unknown,Unknown,,3465408
BF-B,BF.B,Brown Forman Inc Class B Common Stock,NYSE,Unknown,Unknown,,3461532
EVC,EVC,Entravision Communications Corporation Common Stock,NYSE,Unknown,Unknown,,3461444
WRBY,WRBY,Warby Parker Inc. Class A Common Stock,NYSE,Unknown,Unknown,,3460354
TAP,TAP,Molson Coors Beverage Company Class B Common Stock,NYSE,Unknown,Unknown,,3459264
VEEV,VEEV,Veeva Systems Inc. Class A Common Stock,NYSE,Unknown,Unknown,,3450666
ENTG,ENTG,"Entegris, Inc. - Common Stock",NASDAQ,Unknown,Unknown,,3450254
AESI,AESI,Atlas Energy Solutions Inc. Common Stock,NYSE,Unknown,Unknown,,3447888
ARR,ARR,"ARMOUR Residential REIT, Inc.",NYSE,Unknown,Unknown,,3443956
PRGO,PRGO,Perrigo Company plc Ordinary Shares,NYSE,Unknown,Unknown,,3436996
TSN,TSN,"Tyson Foods, Inc. Common Stock",NYSE,Unknown,Unknown,,3431796
EPD,EPD,Enterprise Products Partners L.P. Common Stock,NYSE,Unknown,Unknown,,3426036
PAYX,PAYX,"Paychex, Inc. - Common Stock",NASDAQ,Unknown,Unknown,,3421596
NTAP,NTAP,"NetApp, Inc. - Common Stock",NASDAQ,Unknown,Unknown,,3416970
STWD,STWD,"STARWOOD PROPERTY TRUST, INC. Starwood Property Trust Inc.",NYSE,Unknown,Unknown,,3396696
SRPT,SRPT,"Sarepta Therapeutics, Inc. - Common Stock",NASDAQ,Unknown,Unknown,,3391628
WBS,WBS,Webster Financial Corporation Common Stock,NYSE,Unknown,Unknown,,3389878
DV,DV,"DoubleVerify Holdings, Inc. Common Stock",NYSE,Unknown,Unknown,,3370578
BWA,BWA,BorgWarner Inc. Common Stock,NYSE,Unknown,Unknown,,3366568
PSNL,PSNL,"Personalis, Inc. - Common Stock",NASDAQ,Unknown,Unknown,,3363362
LLY,LLY,Eli Lilly and Company Common Stock,NYSE,Unknown,Unknown,,3361308
DHT,DHT,"DHT Holdings, Inc.",NYSE,Unknown,Unknown,,3355316
ROST,ROST,"Ross Stores, Inc. - Common Stock",NASDAQ,Unknown,Unknown,,3352112
KMX,KMX,CarMax Inc,NYSE,Unknown,Unknown,,3347250
NVST,NVST,Envista Holdings Corporation Common Stock,NYSE,Unknown,Unknown,,3340124
ALK,ALK,"Alaska Air Group, Inc. Common Stock",NYSE,Unknown,Unknown,,3338284
VITL,VITL,"Vital Farms, Inc. - Common Stock",NASDAQ,Unknown,Unknown,,3333418
DNOW,DNOW,DNOW Inc. Common Stock,NYSE,Unknown,Unknown,,3304010
AMT,AMT,American Tower Corporation (REIT) Common Stock,NYSE,Unknown,Unknown,,3290100
BRO,BRO,"Brown & Brown, Inc. Common Stock",NYSE,Unknown,Unknown,,3278782
TMHC,TMHC,Taylor Morrison Home Corporation Common Stock,NYSE,Unknown,Unknown,,3277724
PGR,PGR,Progressive Corporation (The) Common Stock,NYSE,Unknown,Unknown,,3265854
FSK,FSK,FS KKR Capital Corp. Common Stock,NYSE,Unknown,Unknown,,3256906
SSRM,SSRM,SSR Mining Inc. - Common Stock,NASDAQ,Unknown,Unknown,,3253030
LTH,LTH,"Life Time Group Holdings, Inc. Common Stock",NYSE,Unknown,Unknown,,3252706
CPRI,CPRI,Capri Holdings Limited Ordinary Shares,NYSE,Unknown,Unknown,,3249558
CMS,CMS,CMS Energy Corporation Common Stock,NYSE,Unknown,Unknown,,3241484
CAT,CAT,"Caterpillar, Inc. Common Stock",NYSE,Unknown,Unknown,,3240618
VIK,VIK,Viking Holdings Ltd Ordinary Shares,NYSE,Unknown,Unknown,,3216868
ALGM,ALGM,"Allegro MicroSystems, Inc. - Common Stock",NASDAQ,Unknown,Unknown,,3206526
GTX,GTX,Garrett Motion Inc. - Common Stock,NASDAQ,Unknown,Unknown,,3202412
NOG,NOG,"Northern Oil and Gas, Inc. Common Stock",NYSE,Unknown,Unknown,,3200060
EGO,EGO,Eldorado Gold Corporation Ordinary Shares,NYSE,Unknown,Unknown,,3193632
TXG,TXG,"10x Genomics, Inc. - Common Stock",NASDAQ,Unknown,Unknown,,3192074
CAVA,CAVA,"CAVA Group, Inc. Common Stock",NYSE,Unknown,Unknown,,3190628
CCJ,CCJ,Cameco Corporation Common Stock,NYSE,Unknown,Unknown,,3184698
WT,WT,"WisdomTree, Inc. Common Stock",NYSE,Unknown,Unknown,,3177172
AXP,AXP,American Express Company Common Stock,NYSE,Unknown,Unknown,,3174760
FTV,FTV,Fortive Corporation Common Stock ,NYSE,Unknown,Unknown,,3174292
AMRZ,AMRZ,Amrize Ltd Ordinary Shares,NYSE,Unknown,Unknown,,3170728
EBC,EBC,"Eastern Bankshares, Inc. - Common Stock",NASDAQ,Unknown,Unknown,,3168404
ACHC,ACHC,"Acadia Healthcare Company, Inc. - Common Stock",NASDAQ,Unknown,Unknown,,3167712
PBI,PBI,Pitney Bowes Inc. Common Stock,NYSE,Unknown,Unknown,,3162382
LKQ,LKQ,LKQ Corporation - Common Stock,NASDAQ,Unknown,Unknown,,3155740
ETSY,ETSY,"Etsy, Inc. Common Stock",NYSE,Unknown,Unknown,,3144410
FROG,FROG,JFrog Ltd. - Ordinary shares,NASDAQ,Unknown,Unknown,,3143726
MGNI,MGNI,"Magnite, Inc. - Common Stock",NASDAQ,Unknown,Unknown,,3136182
BHVN,BHVN,Biohaven Ltd. Common Shares ,NYSE,Unknown,Unknown,,3132876
AU,AU,AngloGold Ashanti PLC Ordinary Shares,NYSE,Unknown,Unknown,,3131682
BSY,BSY,"Bentley Systems, Incorporated - Class B Common Stock",NASDAQ,Unknown,Unknown,,3131370
KRMN,KRMN,Karman Holdings Inc. Common Stock,NYSE,Unknown,Unknown,,3131348
SGI,SGI,Somnigroup International Inc. Common Stock,NYSE,Unknown,Unknown,,3131058
TECK,TECK,Teck Resources Ltd Ordinary Shares,NYSE,Unknown,Unknown,,3127262
MUFG,MUFG,"Mitsubishi UFJ Financial Group, Inc. Common Stock",NYSE,Unknown,Unknown,,3124420
ALLY,ALLY,Ally Financial Inc. Common Stock,NYSE,Unknown,Unknown,,3121096
COO,COO,"The Cooper Companies, Inc.  - Common Stock",NASDAQ,Unknown,Unknown,,3120224
EROC,EROC,"ERock, Inc. Class A Common Stock",NYSE,Unknown,Unknown,,3116619
APLE,APLE,"Apple Hospitality REIT, Inc. Common Shares",NYSE,Unknown,Unknown,,3109086
VLO,VLO,Valero Energy Corporation Common Stock,NYSE,Unknown,Unknown,,3106092
EQR,EQR,Equity Residential Common Shares of Beneficial Interest,NYSE,Unknown,Unknown,,3101938
PEG,PEG,Public Service Enterprise Group Incorporated Common Stock,NYSE,Unknown,Unknown,,3089546
FRO,FRO,Frontline Plc Ordinary Shares,NYSE,Unknown,Unknown,,3078148
PCAR,PCAR,PACCAR Inc. - Common Stock,NASDAQ,Unknown,Unknown,,3071284
DFTX,DFTX,"Definium Therapeutics, Inc.  - Common Shares",NASDAQ,Unknown,Unknown,,3063210
CSIQ,CSIQ,Canadian Solar Inc. - Common Shares,NASDAQ,Unknown,Unknown,,3062754
SAP,SAP,SAP  SE ADS,NYSE,Unknown,Unknown,,3060352
CAI,CAI,"Caris Life Sciences, Inc. - Common Stock",NASDAQ,Unknown,Unknown,,3054612
G,G,Genpact Limited Common Stock,NYSE,Unknown,Unknown,,3053362
WHR,WHR,Whirlpool Corporation Common Stock,NYSE,Unknown,Unknown,,3050404
BAM,BAM,Brookfield Asset Management Inc Class A Limited Voting Shares,NYSE,Unknown,Unknown,,3048912
TRMB,TRMB,Trimble Inc. - Common Stock,NASDAQ,Unknown,Unknown,,3042246
BALL,BALL,Ball Corporation Common Stock,NYSE,Unknown,Unknown,,3037396
SBRA,SBRA,"Sabra Health Care REIT, Inc. - Common Stock",NASDAQ,Unknown,Unknown,,3033436
TDC,TDC,Teradata Corporation Common Stock,NYSE,Unknown,Unknown,,3024240
APG,APG,APi Group Corporation Common Stock,NYSE,Unknown,Unknown,,3023456
FND,FND,"Floor & Decor Holdings, Inc. Common Stock",NYSE,Unknown,Unknown,,3017912
GFL,GFL,"GFL Environmental Inc. Subordinate voting shares, no par value",NYSE,Unknown,Unknown,,3014702
NTR,NTR,Nutrien Ltd. Common Shares,NYSE,Unknown,Unknown,,3014358
RMBS,RMBS,"Rambus, Inc. - Common Stock",NASDAQ,Unknown,Unknown,,3008404
PCOR,PCOR,"Procore Technologies, Inc. Common Stock",NYSE,Unknown,Unknown,,3004138
CLX,CLX,Clorox Company (The) Common Stock,NYSE,Unknown,Unknown,,2991930
LOW,LOW,"Lowe's Companies, Inc. Common Stock",NYSE,Unknown,Unknown,,2989886
DLO,DLO,DLocal Limited - Class A Common Shares,NASDAQ,Unknown,Unknown,,2985550
HWM,HWM,Howmet Aerospace Inc. Common Stock,NYSE,Unknown,Unknown,,2985534
NXT,NXT,Nextpower Inc. - Class A Common Stock,NASDAQ,Unknown,Unknown,,2977816
LEVI,LEVI,Levi Strauss & Co Class A Common Stock,NYSE,Unknown,Unknown,,2966996
AMH,AMH,American Homes 4 Rent Common Shares of Beneficial Interest,NYSE,Unknown,Unknown,,2963386
APGE,APGE,"Apogee Therapeutics, Inc. - Common Stock",NASDAQ,Unknown,Unknown,,2961508
BDX,BDX,"Becton, Dickinson and Company Common Stock",NYSE,Unknown,Unknown,,2955142
BRZE,BRZE,"Braze, Inc. - Class A Common Stock",NASDAQ,Unknown,Unknown,,2953092
CF,CF,"CF Industries Holdings, Inc. Common Stock",NYSE,Unknown,Unknown,,2946604
FLR,FLR,Fluor Corporation Common Stock,NYSE,Unknown,Unknown,,2942752
USFD,USFD,US Foods Holding Corp. Common Stock,NYSE,Unknown,Unknown,,2940990
CP,CP,Canadian Pacific Kansas City Limited Common Shares,NYSE,Unknown,Unknown,,2938416
RVMD,RVMD,"Revolution Medicines, Inc. - Common Stock",NASDAQ,Unknown,Unknown,,2931138
FLUT,FLUT,Flutter Entertainment plc Ordinary Shares,NYSE,Unknown,Unknown,,2926974
SGML,SGML,Sigma Lithium Corporation - common shares,NASDAQ,Unknown,Unknown,,2926020
OCUL,OCUL,"Ocular Therapeutix, Inc. - Common Stock",NASDAQ,Unknown,Unknown,,2924814
NNE,NNE,Nano Nuclear Energy Inc. - common stock,NASDAQ,Unknown,Unknown,,2916414
ARMK,ARMK,Aramark Common Stock,NYSE,Unknown,Unknown,,2912654
RRC,RRC,Range Resources Corporation Common Stock,NYSE,Unknown,Unknown,,2908970
PBF,PBF,PBF Energy Inc. Class A Common Stock,NYSE,Unknown,Unknown,,2908004
EMR,EMR,Emerson Electric Company Common Stock,NYSE,Unknown,Unknown,,2906350
DB,DB,Deutsche Bank AG Common Stock,NYSE,Unknown,Unknown,,2902614
LEG,LEG,"Leggett & Platt, Incorporated Common Stock",NYSE,Unknown,Unknown,,2895908
FBIN,FBIN,"Fortune Brands Innovations, Inc. Common Stock",NYSE,Unknown,Unknown,,2892520
CIEN,CIEN,Ciena Corporation Common Stock,NYSE,Unknown,Unknown,,2884710
DBRG,DBRG,"DigitalBridge Group, Inc.",NYSE,Unknown,Unknown,,2881546
SYK,SYK,Stryker Corporation Common Stock,NYSE,Unknown,Unknown,,2880282
ADP,ADP,"Automatic Data Processing, Inc. - Common Stock",NASDAQ,Unknown,Unknown,,2874964
CYTK,CYTK,"Cytokinetics, Incorporated - Common Stock",NASDAQ,Unknown,Unknown,,2870776
COLB,COLB,"Columbia Banking System, Inc. - Common Stock",NASDAQ,Unknown,Unknown,,2870172
TTMI,TTMI,"TTM Technologies, Inc. - Common Stock",NASDAQ,Unknown,Unknown,,2868410
IRT,IRT,"Independence Realty Trust, Inc. Common Stock",NYSE,Unknown,Unknown,,2853254
RCL,RCL,Royal Caribbean Cruises Ltd. Common Stock,NYSE,Unknown,Unknown,,2851208
CTRE,CTRE,"CareTrust REIT, Inc. Common Stock",NYSE,Unknown,Unknown,,2848888
GH,GH,"Guardant Health, Inc. - Common Stock",NASDAQ,Unknown,Unknown,,2844774
CC,CC,Chemours Company (The) Common Stock,NYSE,Unknown,Unknown,,2844452
HOG,HOG,"Harley-Davidson, Inc. Common Stock",NYSE,Unknown,Unknown,,2844280
DLR,DLR,"Digital Realty Trust, Inc. Common Stock",NYSE,Unknown,Unknown,,2828876
SRAD,SRAD,Sportradar Group AG - Class A Ordinary Shares,NASDAQ,Unknown,Unknown,,2820924
GEV,GEV,GE Vernova Inc. Common Stock,NYSE,Unknown,Unknown,,2812186
AMGN,AMGN,Amgen Inc. - Common Stock,NASDAQ,Unknown,Unknown,,2807872
BLDR,BLDR,"Builders FirstSource, Inc. Common Stock",NYSE,Unknown,Unknown,,2806410
UNP,UNP,Union Pacific Corporation Common Stock,NYSE,Unknown,Unknown,,2805470
HAYW,HAYW,"Hayward Holdings, Inc. Common Stock",NYSE,Unknown,Unknown,,2805158
RYAN,RYAN,"Ryan Specialty Holdings, Inc. Class A Common Stock",NYSE,Unknown,Unknown,,2804292
EXEL,EXEL,"Exelixis, Inc. - Common Stock",NASDAQ,Unknown,Unknown,,2801538
ADPT,ADPT,Adaptive Biotechnologies Corporation - Common Stock,NASDAQ,Unknown,Unknown,,2801272
OLN,OLN,Olin Corporation Common Stock,NYSE,Unknown,Unknown,,2790994
WAY,WAY,Waystar Holding Corp. - Common Stock,NASDAQ,Unknown,Unknown,,2782686
VSAT,VSAT,"ViaSat, Inc. - Common Stock",NASDAQ,Unknown,Unknown,,2782540
BANC,BANC,"Banc of California, Inc. Common Stock",NYSE,Unknown,Unknown,,2781716
CALY,CALY,Callaway Golf Company Common Stock,NYSE,Unknown,Unknown,,2780764
CRK,CRK,"Comstock Resources, Inc. Common Stock",NYSE,Unknown,Unknown,,2779244
EXLS,EXLS,"ExlService Holdings, Inc. - Common Stock",NASDAQ,Unknown,Unknown,,2773902
IRDM,IRDM,Iridium Communications Inc - Common Stock,NASDAQ,Unknown,Unknown,,2763004
TWLO,TWLO,Twilio Inc. Class A Common Stock,NYSE,Unknown,Unknown,,2760640
BILL,BILL,"BILL Holdings, Inc. Common Stock",NYSE,Unknown,Unknown,,2753654
RSI,RSI,"Rush Street Interactive, Inc. Class A Common Stock",NYSE,Unknown,Unknown,,2749514
MRSH,MRSH,Marsh Common Stock,NYSE,Unknown,Unknown,,2742492
NRG,NRG,"NRG Energy, Inc. Common Stock",NYSE,Unknown,Unknown,,2741006
TPR,TPR,"Tapestry, Inc. Common Stock",NYSE,Unknown,Unknown,,2740314
ES,ES,Eversource Energy (D/B/A) Common Stock,NYSE,Unknown,Unknown,,2740084
LEN,LEN,Lennar Corporation Class A Common Stock,NYSE,Unknown,Unknown,,2739290
GDDY,GDDY,GoDaddy Inc. Class A Common Stock,NYSE,Unknown,Unknown,,2736438
ADSK,ADSK,"Autodesk, Inc. - Common Stock",NASDAQ,Unknown,Unknown,,2729646
PEB,PEB,Pebblebrook Hotel Trust Common Shares of Beneficial Interest,NYSE,Unknown,Unknown,,2728166
SOLS,SOLS,Solstice Advanced Materials Inc. - Common Stock,NASDAQ,Unknown,Unknown,,2724638
VRDN,VRDN,"Viridian Therapeutics, Inc.  - Common Stock",NASDAQ,Unknown,Unknown,,2723606
MGY,MGY,Magnolia Oil & Gas Corporation Class A Common Stock,NYSE,Unknown,Unknown,,2707296
TTWO,TTWO,"Take-Two Interactive Software, Inc. - Common Stock",NASDAQ,Unknown,Unknown,,2692634
SKM,SKM,"SK Telecom Co., Ltd. Common Stock",NYSE,Unknown,Unknown,,2692528
QGEN,QGEN,Qiagen N.V. Common Shares,NYSE,Unknown,Unknown,,2692096
RIO,RIO,Rio Tinto Plc Common Stock,NYSE,Unknown,Unknown,,2683514
LYV,LYV,"Live Nation Entertainment, Inc. Common Stock",NYSE,Unknown,Unknown,,2671912
PLNT,PLNT,"Planet Fitness, Inc. Common Stock",NYSE,Unknown,Unknown,,2666112
ARES,ARES,Ares Management Corporation Class A Common Stock,NYSE,Unknown,Unknown,,2664744
AEM,AEM,Agnico Eagle Mines Limited Common Stock,NYSE,Unknown,Unknown,,2663582
SLM,SLM,SLM Corporation - Common Stock,NASDAQ,Unknown,Unknown,,2662584
NEO,NEO,"NeoGenomics, Inc. - Common Stock",NASDAQ,Unknown,Unknown,,2659764
ETN,ETN,"Eaton Corporation, PLC Ordinary Shares",NYSE,Unknown,Unknown,,2653006
RYN,RYN,Rayonier Inc. REIT Common Stock,NYSE,Unknown,Unknown,,2648178
ARI,ARI,"Apollo Commercial Real Estate Finance, Inc",NYSE,Unknown,Unknown,,2648062
RDY,RDY,Dr. Reddy's Laboratories Ltd Common Stock,NYSE,Unknown,Unknown,,2640406
GPGI,GPGI,"GPGI, Inc. Class A Common Stock",NYSE,Unknown,Unknown,,2637956
TEL,TEL,TE Connectivity plc Ordinary Shares,NYSE,Unknown,Unknown,,2637286
OTEX,OTEX,Open Text Corporation - Common Shares,NASDAQ,Unknown,Unknown,,2633054
BRKR,BRKR,Bruker Corporation - Common Stock,NASDAQ,Unknown,Unknown,,2628762
NUVL,NUVL,"Nuvalent, Inc. - Class A Common Stock",NASDAQ,Unknown,Unknown,,2621792
WMG,WMG,Warner Music Group Corp. - Class A Common Stock,NASDAQ,Unknown,Unknown,,2620362
PSX,PSX,Phillips 66 Common Stock,NYSE,Unknown,Unknown,,2612168
SHAK,SHAK,"Shake Shack, Inc. Class A Common Stock",NYSE,Unknown,Unknown,,2605550
BIRK,BIRK,Birkenstock Holding plc Ordinary Shares,NYSE,Unknown,Unknown,,2596578
FSLR,FSLR,"First Solar, Inc. - Common Stock",NASDAQ,Unknown,Unknown,,2588492
TNDM,TNDM,"Tandem Diabetes Care, Inc. - Common Stock",NASDAQ,Unknown,Unknown,,2586404
ADTN,ADTN,"ADTRAN Holdings, Inc. - Common Stock",NASDAQ,Unknown,Unknown,,2585556
BNS,BNS,Bank Nova Scotia Halifax Pfd 3 Ordinary Shares,NYSE,Unknown,Unknown,,2582860
COGT,COGT,"Cogent Biosciences, Inc. - Common Stock",NASDAQ,Unknown,Unknown,,2580770
EIX,EIX,Edison International Common Stock,NYSE,Unknown,Unknown,,2580400
VOYG,VOYG,"Voyager Technologies, Inc. Class A Common Stock",NYSE,Unknown,Unknown,,2576550
CGNX,CGNX,Cognex Corporation - Common Stock,NASDAQ,Unknown,Unknown,,2575996
LNT,LNT,Alliant Energy Corporation - Common Stock,NASDAQ,Unknown,Unknown,,2573790
SHO,SHO,"Sunstone Hotel Investors, Inc. Sunstone Hotel Investors, Inc. Common Shares",NYSE,Unknown,Unknown,,2563252
DEI,DEI,"Douglas Emmett, Inc. Common Stock",NYSE,Unknown,Unknown,,2561600
BRX,BRX,Brixmor Property Group Inc. Common Stock,NYSE,Unknown,Unknown,,2560206
PRIM,PRIM,Primoris Services Corporation Common Stock,NYSE,Unknown,Unknown,,2555934
AFL,AFL,AFLAC Incorporated Common Stock,NYSE,Unknown,Unknown,,2554046
FLYW,FLYW,Flywire Corporation - Voting Common Stock,NASDAQ,Unknown,Unknown,,2541610
ALOY,ALOY,REalloys Inc. - Common Stock,NASDAQ,Unknown,Unknown,,2540764
EQPT,EQPT,EquipmentShare.com Inc - Class A Common Stock,NASDAQ,Unknown,Unknown,,2539470
HRB,HRB,"H&R Block, Inc. Common Stock",NYSE,Unknown,Unknown,,2532060
VKTX,VKTX,"Viking Therapeutics, Inc. - Common Stock",NASDAQ,Unknown,Unknown,,2531448
CNM,CNM,"Core & Main, Inc. Class A Common Stock",NYSE,Unknown,Unknown,,2526286
UNIT,UNIT,Uniti Group Inc. - Common Stock,NASDAQ,Unknown,Unknown,,2522228
FANG,FANG,"Diamondback Energy, Inc. - Common Stock",NASDAQ,Unknown,Unknown,,2519154
ED,ED,"Consolidated Edison, Inc. Common Stock",NYSE,Unknown,Unknown,,2518992
VRSK,VRSK,"Verisk Analytics, Inc. - Common Stock",NASDAQ,Unknown,Unknown,,2513726
MAS,MAS,Masco Corporation Common Stock,NYSE,Unknown,Unknown,,2511218
EXTR,EXTR,"Extreme Networks, Inc. - Common Stock",NASDAQ,Unknown,Unknown,,2510810
AEVA,AEVA,"Aeva Technologies, Inc. - Common Stock",NASDAQ,Unknown,Unknown,,2510618
TGTX,TGTX,"TG Therapeutics, Inc. - Common Stock",NASDAQ,Unknown,Unknown,,2503712
CAH,CAH,"Cardinal Health, Inc. Common Stock",NYSE,Unknown,Unknown,,2502912
RLJ,RLJ,RLJ Lodging Trust Common Shares of Beneficial Interest $0.01 par value,NYSE,Unknown,Unknown,,2500766
IONS,IONS,"Ionis Pharmaceuticals, Inc. - Common Stock",NASDAQ,Unknown,Unknown,,2490722
EYE,EYE,"National Vision Holdings, Inc. - Common Stock",NASDAQ,Unknown,Unknown,,2490576
AXTA,AXTA,Axalta Coating Systems Ltd. Common Shares,NYSE,Unknown,Unknown,,2488616
DAR,DAR,Darling Ingredients Inc. Common Stock,NYSE,Unknown,Unknown,,2471544
WSC,WSC,WillScot Holdings Corporation - Class A Common Stock,NASDAQ,Unknown,Unknown,,2462940
AM,AM,Antero Midstream Corporation Common Stock,NYSE,Unknown,Unknown,,2460462
AVPT,AVPT,"AvePoint, Inc. - Class A Common Stock",NASDAQ,Unknown,Unknown,,2457126
A,A,"Agilent Technologies, Inc. Common Stock",NYSE,Unknown,Unknown,,2455814
COST,COST,Costco Wholesale Corporation - Common Stock,NASDAQ,Unknown,Unknown,,2452690
TRU,TRU,TransUnion Common Stock,NYSE,Unknown,Unknown,,2450814
GNTX,GNTX,Gentex Corporation - Common Stock,NASDAQ,Unknown,Unknown,,2450668
DINO,DINO,HF Sinclair Corporation Common Stock,NYSE,Unknown,Unknown,,2448230
RXO,RXO,"RXO, Inc. Common Stock",NYSE,Unknown,Unknown,,2442694
ISRG,ISRG,"Intuitive Surgical, Inc. - Common Stock",NASDAQ,Unknown,Unknown,,2436922
VSXY,VSXY,Victorias Secret & Co. Common Stock ,NYSE,Unknown,Unknown,,2434480
SHW,SHW,Sherwin-Williams Company (The) Common Stock,NYSE,Unknown,Unknown,,2433690
TRP,TRP,TC Energy Corporation Common Stock,NYSE,Unknown,Unknown,,2433356
VRNS,VRNS,"Varonis Systems, Inc. - Common Stock",NASDAQ,Unknown,Unknown,,2421188
SPGI,SPGI,S&P Global Inc. Common Stock,NYSE,Unknown,Unknown,,2418810
ACGL,ACGL,Arch Capital Group Ltd. - Common Stock,NASDAQ,Unknown,Unknown,,2418620
VLTO,VLTO,Veralto Corp Common Stock ,NYSE,Unknown,Unknown,,2418294
NN,NN,NextNav Inc. - Common stock,NASDAQ,Unknown,Unknown,,2416778
MPC,MPC,Marathon Petroleum Corporation Common Stock,NYSE,Unknown,Unknown,,2416302
QURE,QURE,uniQure N.V. - Ordinary Shares,NASDAQ,Unknown,Unknown,,2405856
TPG,TPG,TPG Inc. - Class A Common Stock,NASDAQ,Unknown,Unknown,,2404304
CPRX,CPRX,"Catalyst Pharmaceuticals, Inc. - Common Stock",NASDAQ,Unknown,Unknown,,2403830
FLS,FLS,Flowserve Corporation Common Stock,NYSE,Unknown,Unknown,,2402686
SEI,SEI,"Solaris Energy Infrastructure, Inc. Class A Common Stock",NYSE,Unknown,Unknown,,2402302
BOX,BOX,"Box, Inc. Class A Common Stock",NYSE,Unknown,Unknown,,2396728
ALKS,ALKS,Alkermes plc - Ordinary Shares,NASDAQ,Unknown,Unknown,,2396676
SMPL,SMPL,The Simply Good Foods Company - Common Stock,NASDAQ,Unknown,Unknown,,2371104
CDNS,CDNS,"Cadence Design Systems, Inc. - Common Stock",NASDAQ,Unknown,Unknown,,2364542
WYFI,WYFI,"WhiteFiber, Inc. - Ordinary Shares",NASDAQ,Unknown,Unknown,,2352508
ZBH,ZBH,"Zimmer Biomet Holdings, Inc. Common Stock",NYSE,Unknown,Unknown,,2345102
RPD,RPD,"Rapid7, Inc. - Common Stock",NASDAQ,Unknown,Unknown,,2344546
TD,TD,Toronto Dominion Bank (The) Common Stock,NYSE,Unknown,Unknown,,2342108
LIN,LIN,Linde plc - Ordinary Shares,NASDAQ,Unknown,Unknown,,2340950
CBRE,CBRE,CBRE Group Inc Common Stock Class A,NYSE,Unknown,Unknown,,2340174
TMO,TMO,Thermo Fisher Scientific Inc Common Stock,NYSE,Unknown,Unknown,,2339220
OHI,OHI,"Omega Healthcare Investors, Inc. Common Stock",NYSE,Unknown,Unknown,,2330020
SYM,SYM,Symbotic Inc. - Class A Common Stock,NASDAQ,Unknown,Unknown,,2328702
VVV,VVV,Valvoline Inc. Common Stock,NYSE,Unknown,Unknown,,2322546
SSNC,SSNC,"SS&C Technologies Holdings, Inc. - Common Stock",NASDAQ,Unknown,Unknown,,2321500
RARE,RARE,Ultragenyx Pharmaceutical Inc. - Common Stock,NASDAQ,Unknown,Unknown,,2320040
LNG,LNG,"Cheniere Energy, Inc. Common Stock",NYSE,Unknown,Unknown,,2319578
TVTX,TVTX,"Travere Therapeutics, Inc. - Common Stock",NASDAQ,Unknown,Unknown,,2318696
SFM,SFM,"Sprouts Farmers Market, Inc. - Common Stock",NASDAQ,Unknown,Unknown,,2312578
FUN,FUN,Six Flags Entertainment Corporation Common Stock New,NYSE,Unknown,Unknown,,2309076
AADX,AADX,"Applied Aerospace & Defense, Inc. Common Stock",NYSE,Unknown,Unknown,,2308203
ALB,ALB,Albemarle Corporation Common Stock,NYSE,Unknown,Unknown,,2307046
GLPI,GLPI,"Gaming and Leisure Properties, Inc. - Common Stock",NASDAQ,Unknown,Unknown,,2306432
AVEX,AVEX,AEVEX Corp. Class A Common Stock,NYSE,Unknown,Unknown,,2303288
OTF,OTF,Blue Owl Technology Finance Corp. Common Stock,NYSE,Unknown,Unknown,,2301132
ADEA,ADEA,Adeia Inc.  - Common Stock,NASDAQ,Unknown,Unknown,,2299005
HYMC,HYMC,Hycroft Mining Holding Corporation - Class A Common Stock,NASDAQ,Unknown,Unknown,,2294600
ALC,ALC,Alcon Inc. Ordinary Shares,NYSE,Unknown,Unknown,,2291822
BJ,BJ,"BJ's Wholesale Club Holdings, Inc. Common Stock",NYSE,Unknown,Unknown,,2288236
STZ,STZ,"Constellation Brands, Inc. Common Stock",NYSE,Unknown,Unknown,,2284100
AVTX,AVTX,"Avalo Therapeutics, Inc. - Common Stock",NASDAQ,Unknown,Unknown,,2279826
CLBT,CLBT,Cellebrite DI Ltd. - Ordinary Shares,NASDAQ,Unknown,Unknown,,2274234
REXR,REXR,"Rexford Industrial Realty, Inc. Common Stock",NYSE,Unknown,Unknown,,2271102
JEF,JEF,Jefferies Financial Group Inc. Common Stock,NYSE,Unknown,Unknown,,2270520
KRG,KRG,Kite Realty Group Trust Common Stock,NYSE,Unknown,Unknown,,2269704
WM,WM,"Waste Management, Inc. Common Stock",NYSE,Unknown,Unknown,,2268938
LSCC,LSCC,Lattice Semiconductor Corporation - Common Stock,NASDAQ,Unknown,Unknown,,2268362
DHI,DHI,"D.R. Horton, Inc. Common Stock",NYSE,Unknown,Unknown,,2267288
BEAM,BEAM,Beam Therapeutics Inc. - Common Stock,NASDAQ,Unknown,Unknown,,2267262
ST,ST,Sensata Technologies Holding plc Ordinary Shares,NYSE,Unknown,Unknown,,2266572
CNK,CNK,"Cinemark Holdings Inc Cinemark Holdings, Inc. Common Stock",NYSE,Unknown,Unknown,,2265894
RGNX,RGNX,REGENXBIO Inc. - Common Stock,NASDAQ,Unknown,Unknown,,2259828
CDW,CDW,CDW Corporation - Common Stock,NASDAQ,Unknown,Unknown,,2247796
NESR,NESR,National Energy Services Reunited Corp - Ordinary Shares,NASDAQ,Unknown,Unknown,,2240602
OLLI,OLLI,"Ollie's Bargain Outlet Holdings, Inc. - Common Stock",NASDAQ,Unknown,Unknown,,2228832
FDXF,FDXF,"FedEx Freight Holding Company, Inc. Common Stock",NYSE,Unknown,Unknown,,2228267
BKSY,BKSY,BlackSky Technology Inc. Class A Common Stock,NYSE,Unknown,Unknown,,2227454
PNR,PNR,Pentair plc. Ordinary Share,NYSE,Unknown,Unknown,,2225986
JLHL,JLHL,Julong Holding Limited - Class A Ordinary Shares,NASDAQ,Unknown,Unknown,,2221304
NRIX,NRIX,"Nurix Therapeutics, Inc. - Common stock",NASDAQ,Unknown,Unknown,,2217666
STT,STT,State Street Corporation Common Stock,NYSE,Unknown,Unknown,,2215578
INOD,INOD,Innodata Inc. - Common Stock,NASDAQ,Unknown,Unknown,,2214014
YUM,YUM,"Yum! Brands, Inc.",NYSE,Unknown,Unknown,,2211136
SN,SN,"SharkNinja, Inc. Ordinary Shares",NYSE,Unknown,Unknown,,2204742
BMRN,BMRN,BioMarin Pharmaceutical Inc. - Common Stock,NASDAQ,Unknown,Unknown,,2201916
TROW,TROW,"T. Rowe Price Group, Inc. - Common Stock",NASDAQ,Unknown,Unknown,,2201790
DECK,DECK,Deckers Outdoor Corporation Common Stock,NYSE,Unknown,Unknown,,2199874
NVT,NVT,nVent Electric plc Ordinary Shares ,NYSE,Unknown,Unknown,,2197872
FDX,FDX,FedEx Corporation Common Stock,NYSE,Unknown,Unknown,,2195886
AWK,AWK,"American Water Works Company, Inc. Common Stock",NYSE,Unknown,Unknown,,2193378
HSY,HSY,The Hershey Company Common Stock,NYSE,Unknown,Unknown,,2185480
WEC,WEC,"WEC Energy Group, Inc. Common Stock",NYSE,Unknown,Unknown,,2181348
CSTM,CSTM,Constellium SE Ordinary Shares (France),NYSE,Unknown,Unknown,,2178024
UBS,UBS,UBS Group AG Registered Ordinary Shares,NYSE,Unknown,Unknown,,2173500
AEHR,AEHR,Aehr Test Systems - Common Stock,NASDAQ,Unknown,Unknown,,2172128
LAZ,LAZ,"Lazard, Inc. Common Stock",NYSE,Unknown,Unknown,,2170790
EVRG,EVRG,"Evergy, Inc. - Common Stock",NASDAQ,Unknown,Unknown,,2160068
ACM,ACM,AECOM Common Stock,NYSE,Unknown,Unknown,,2159812
DRH,DRH,Diamondrock Hospitality Company - Common Stock,NASDAQ,Unknown,Unknown,,2157266
MDB,MDB,"MongoDB, Inc. - Class A Common Stock",NASDAQ,Unknown,Unknown,,2152012
TWO,TWO,Two Harbors Investment Corp,NYSE,Unknown,Unknown,,2151090
MFC,MFC,Manulife Financial Corporation Common Stock,NYSE,Unknown,Unknown,,2150248
BAH,BAH,Booz Allen Hamilton Holding Corporation Common Stock,NYSE,Unknown,Unknown,,2146324
AZN,AZN,AstraZeneca PLC Ordinary Shares,NYSE,Unknown,Unknown,,2145858
GS,GS,"Goldman Sachs Group, Inc. (The) Common Stock",NYSE,Unknown,Unknown,,2145280
CTAS,CTAS,Cintas Corporation - Common Stock,NASDAQ,Unknown,Unknown,,2145196
SPOT,SPOT,Spotify Technology S.A. Ordinary Shares,NYSE,Unknown,Unknown,,2144248
RHI,RHI,Robert Half Inc. Common Stock,NYSE,Unknown,Unknown,,2138682
HAPN,HAPN,"Happen, Inc. - Common Stock",NASDAQ,Unknown,Unknown,,2138656
AMTM,AMTM,"Amentum Holdings, Inc. Common Stock",NYSE,Unknown,Unknown,,2136780
WPM,WPM,Wheaton Precious Metals Corp Common Shares (Canada),NYSE,Unknown,Unknown,,2136588
GEO,GEO,Geo Group Inc (The) REIT,NYSE,Unknown,Unknown,,2128516
IFF,IFF,"International Flavors & Fragrances, Inc. Common Stock",NYSE,Unknown,Unknown,,2124112
WRB,WRB,W.R. Berkley Corporation Common Stock,NYSE,Unknown,Unknown,,2123308
PD,PD,"PagerDuty, Inc. Common Stock",NYSE,Unknown,Unknown,,2114032
INDV,INDV,"Indivior Pharmaceuticals, Inc.  - Common Stock",NASDAQ,Unknown,Unknown,,2109012
ESTC,ESTC,Elastic N.V. Ordinary Shares,NYSE,Unknown,Unknown,,2107382
EPAM,EPAM,"EPAM Systems, Inc. Common Stock",NYSE,Unknown,Unknown,,2105980
PRCH,PRCH,"Porch Group, Inc. - Common Stock",NASDAQ,Unknown,Unknown,,2102976
CENX,CENX,Century Aluminum Company - Common Stock,NASDAQ,Unknown,Unknown,,2102244
BUD,BUD,Anheuser-Busch Inbev SA Sponsored ADR (Belgium),NYSE,Unknown,Unknown,,2101892
GLOB,GLOB,Globant S.A. Common Shares,NYSE,Unknown,Unknown,,2101676
GTES,GTES,Gates Industrial Corporation plc Ordinary Shares,NYSE,Unknown,Unknown,,2101090
ARWR,ARWR,"Arrowhead Pharmaceuticals, Inc. - Common Stock",NASDAQ,Unknown,Unknown,,2099182
KGS,KGS,"Kodiak Gas Services, Inc. Common Stock",NYSE,Unknown,Unknown,,2096178
MT,MT,Arcelor Mittal NY Registry Shares NEW,NYSE,Unknown,Unknown,,2094514
CLS,CLS,"Celestica, Inc. Common Stock",NYSE,Unknown,Unknown,,2092450
FORM,FORM,"FormFactor, Inc. - Common Stock",NASDAQ,Unknown,Unknown,,2081310
MIAX,MIAX,"Miami International Holdings, Inc. Common Stock",NYSE,Unknown,Unknown,,2079022
LQDA,LQDA,Liquidia Corporation - Common Stock,NASDAQ,Unknown,Unknown,,2076008
CUBE,CUBE,CubeSmart Common Shares,NYSE,Unknown,Unknown,,2071126
HNGE,HNGE,"Hinge Health, Inc. Class A Common Stock",NYSE,Unknown,Unknown,,2070616
Q,Q,"Qnity Electronics, Inc. Common Stock",NYSE,Unknown,Unknown,,2069146
PTRN,PTRN,Pattern Group Inc. - Series A Common Stock,NASDAQ,Unknown,Unknown,,2068638
VNT,VNT,Vontier Corporation Common Stock ,NYSE,Unknown,Unknown,,2065644
CHD,CHD,"Church & Dwight Company, Inc. Common Stock",NYSE,Unknown,Unknown,,2063954
CWK,CWK,Cushman & Wakefield Ltd. Common Shares,NYSE,Unknown,Unknown,,2063944
TSEM,TSEM,Tower Semiconductor Ltd. - Ordinary Shares,NASDAQ,Unknown,Unknown,,2054536
ARE,ARE,"Alexandria Real Estate Equities, Inc. Common Stock",NYSE,Unknown,Unknown,,2053786
SNDX,SNDX,"Syndax Pharmaceuticals, Inc. - Common Stock",NASDAQ,Unknown,Unknown,,2049446
FWONK,FWONK,Liberty Media Corporation - Series C Liberty Formula One Common Stock,NASDAQ,Unknown,Unknown,,2047540
PNC,PNC,"PNC Financial Services Group, Inc. (The) Common Stock",NYSE,Unknown,Unknown,,2045048
ASB,ASB,Associated Banc-Corp Common Stock,NYSE,Unknown,Unknown,,2044986
PEGA,PEGA,Pegasystems Inc. - Common Stock,NASDAQ,Unknown,Unknown,,2040278
SPG,SPG,"Simon Property Group, Inc. Common Stock",NYSE,Unknown,Unknown,,2032906
AAP,AAP,Advance Auto Parts Inc.,NYSE,Unknown,Unknown,,2029982
LBRDK,LBRDK,Liberty Broadband Corporation - Class C Common Stock,NASDAQ,Unknown,Unknown,,2024484
AROC,AROC,"Archrock, Inc. Common Stock",NYSE,Unknown,Unknown,,2024084
TRI,TRI,Thomson Reuters Corp - Common Shares,NASDAQ,Unknown,Unknown,,2023510
VSNT,VSNT,"Versant Media Group, Inc. - Class A Common Stock",NASDAQ,Unknown,Unknown,,2022748
MTG,MTG,MGIC Investment Corporation Common Stock,NYSE,Unknown,Unknown,,2019818
HAS,HAS,"Hasbro, Inc. - Common Stock",NASDAQ,Unknown,Unknown,,2010600
CNXC,CNXC,Concentrix Corporation - Common Stock,NASDAQ,Unknown,Unknown,,2009964
ODFL,ODFL,"Old Dominion Freight Line, Inc. - Common Stock",NASDAQ,Unknown,Unknown,,2009548
TREX,TREX,"Trex Company, Inc. Common Stock",NYSE,Unknown,Unknown,,2005618
KBR,KBR,"KBR, Inc. Common Stock",NYSE,Unknown,Unknown,,1997364
NTST,NTST,NetSTREIT Corp. Common Stock,NYSE,Unknown,Unknown,,1996662
PTCT,PTCT,"PTC Therapeutics, Inc. - Common Stock",NASDAQ,Unknown,Unknown,,1994180
ALKT,ALKT,"Alkami Technology, Inc. - Common Stock",NASDAQ,Unknown,Unknown,,1991492
HMC,HMC,"Honda Motor Company, Ltd. Common Stock",NYSE,Unknown,Unknown,,1990672
QDEL,QDEL,QuidelOrtho Corporation - Common Stock,NASDAQ,Unknown,Unknown,,1989902
EA,EA,Electronic Arts Inc. - Common Stock,NASDAQ,Unknown,Unknown,,1989500
BNL,BNL,"Broadstone Net Lease, Inc. Common Stock",NYSE,Unknown,Unknown,,1987538
HUBS,HUBS,"HubSpot, Inc. Common Stock",NYSE,Unknown,Unknown,,1981658
PPG,PPG,"PPG Industries, Inc. Common Stock",NYSE,Unknown,Unknown,,1979928
ILMN,ILMN,"Illumina, Inc. - Common Stock",NASDAQ,Unknown,Unknown,,1978820
IMVT,IMVT,"Immunovant, Inc.  - Common Stock",NASDAQ,Unknown,Unknown,,1975856
YSS,YSS,York Space Systems Inc. Common Stock,NYSE,Unknown,Unknown,,1973668
XYL,XYL,Xylem Inc. Common Stock New,NYSE,Unknown,Unknown,,1971852
UGI,UGI,UGI Corporation Common Stock,NYSE,Unknown,Unknown,,1961962
TALO,TALO,"Talos Energy, Inc. Common Stock",NYSE,Unknown,Unknown,,1961554
PRU,PRU,"Prudential Financial, Inc. Common Stock",NYSE,Unknown,Unknown,,1959838
LBTYA,LBTYA,Liberty Global Ltd. - Class A Common Shares,NASDAQ,Unknown,Unknown,,1957896
WTRG,WTRG,"Essential Utilities, Inc. Common Stock",NYSE,Unknown,Unknown,,1956162
ARQT,ARQT,"Arcutis Biotherapeutics, Inc. - Common stock",NASDAQ,Unknown,Unknown,,1953572
YPF,YPF,YPF Sociedad Anonima Common Stock,NYSE,Unknown,Unknown,,1947330
AMRX,AMRX,"Amneal Pharmaceuticals, Inc. - Class A Common Stock",NASDAQ,Unknown,Unknown,,1945746
DNLI,DNLI,Denali Therapeutics Inc. - Common Stock,NASDAQ,Unknown,Unknown,,1943878
HE,HE,"Hawaiian Electric Industries, Inc. Common Stock",NYSE,Unknown,Unknown,,1939538
HLT,HLT,Hilton Worldwide Holdings Inc. Common Stock ,NYSE,Unknown,Unknown,,1938998
SONO,SONO,"Sonos, Inc. - Common Stock",NASDAQ,Unknown,Unknown,,1937230
AJG,AJG,Arthur J. Gallagher & Co. Common Stock,NYSE,Unknown,Unknown,,1933134
EPRT,EPRT,"Essential Properties Realty Trust, Inc. Common Stock",NYSE,Unknown,Unknown,,1917346
MWH,MWH,"SOLV Energy, Inc. - Class A common stock",NASDAQ,Unknown,Unknown,,1917306
WIX,WIX,Wix.com Ltd. - Ordinary Shares,NASDAQ,Unknown,Unknown,,1916388
CCEP,CCEP,Coca-Cola Europacific Partners plc - Ordinary Shares,NASDAQ,Unknown,Unknown,,1913290
COR,COR,"Cencora, Inc. Common Stock",NYSE,Unknown,Unknown,,1913204
TRVI,TRVI,"Trevi Therapeutics, Inc. - Common Stock",NASDAQ,Unknown,Unknown,,1913124
NNN,NNN,"NNN REIT, Inc. Common Stock",NYSE,Unknown,Unknown,,1910576
SNPS,SNPS,"Synopsys, Inc. - Common Stock",NASDAQ,Unknown,Unknown,,1909534
ASML,ASML,ASML Holding N.V. - New York Registry Shares,NASDAQ,Unknown,Unknown,,1909338
CNX,CNX,CNX Resources Corporation Common Stock,NYSE,Unknown,Unknown,,1908260
OUT,OUT,OUTFRONT Media Inc. Common Stock,NYSE,Unknown,Unknown,,1907320
ECVT,ECVT,Ecovyst Inc. Common Stock,NYSE,Unknown,Unknown,,1906964
CE,CE,Celanese Corporation Common Stock,NYSE,Unknown,Unknown,,1903856
GMED,GMED,"Globus Medical, Inc. Class A Common Stock",NYSE,Unknown,Unknown,,1903116
FULT,FULT,Fulton Financial Corporation - Common Stock,NASDAQ,Unknown,Unknown,,1901768
GRPN,GRPN,"Groupon, Inc. - Common Stock",NASDAQ,Unknown,Unknown,,1896996
OMER,OMER,Omeros Corporation - Common Stock,NASDAQ,Unknown,Unknown,,1893008
ZVRA,ZVRA,"Zevra Therapeutics, Inc.  - Common Stock",NASDAQ,Unknown,Unknown,,1887800
KURA,KURA,"Kura Oncology, Inc. - Common Stock",NASDAQ,Unknown,Unknown,,1885482
PTC,PTC,PTC Inc. - Common Stock,NASDAQ,Unknown,Unknown,,1884560
SLDB,SLDB,Solid Biosciences Inc. - Common Stock,NASDAQ,Unknown,Unknown,,1879446
NYT,NYT,New York Times Company (The) Common Stock,NYSE,Unknown,Unknown,,1877842
HIW,HIW,"Highwoods Properties, Inc. Common Stock",NYSE,Unknown,Unknown,,1875922
HALO,HALO,"Halozyme Therapeutics, Inc. - Common Stock",NASDAQ,Unknown,Unknown,,1872264
AEE,AEE,Ameren Corporation Common Stock,NYSE,Unknown,Unknown,,1869196
TWST,TWST,Twist Bioscience Corporation - Common Stock,NASDAQ,Unknown,Unknown,,1864020
NVCR,NVCR,NovoCure Limited - Ordinary Shares,NASDAQ,Unknown,Unknown,,1861992
WTTR,WTTR,"Select Water Solutions, Inc. Class A common stock",NYSE,Unknown,Unknown,,1857682
CUZ,CUZ,Cousins Properties Incorporated Common Stock,NYSE,Unknown,Unknown,,1856530
SOLV,SOLV,Solventum Corporation Common Stock,NYSE,Unknown,Unknown,,1852826
MUR,MUR,Murphy Oil Corporation Common Stock,NYSE,Unknown,Unknown,,1851908
TIGO,TIGO,Millicom International Cellular S.A. - Common Stock,NASDAQ,Unknown,Unknown,,1848132
AOS,AOS,A.O. Smith Corporation Common Stock,NYSE,Unknown,Unknown,,1842162
DYN,DYN,"Dyne Therapeutics, Inc. - Common Stock",NASDAQ,Unknown,Unknown,,1839934
PLAY,PLAY,"Dave & Buster's Entertainment, Inc. - Common Stock",NASDAQ,Unknown,Unknown,,1835064
LNC,LNC,Lincoln National Corporation Common Stock,NYSE,Unknown,Unknown,,1832226
VNOM,VNOM,"Viper Energy, Inc.  - Class A Common Stock",NASDAQ,Unknown,Unknown,,1830742
FOX,FOX,Fox Corporation - Class B Common Stock,NASDAQ,Unknown,Unknown,,1824500
ACMR,ACMR,"ACM Research, Inc. - Class A Common Stock",NASDAQ,Unknown,Unknown,,1824376
RAMP,RAMP,"LiveRamp Holdings, Inc. Common Stock",NYSE,Unknown,Unknown,,1822652
ATI,ATI,ATI Inc. Common Stock,NYSE,Unknown,Unknown,,1816384
ALL,ALL,Allstate Corporation (The) Common Stock,NYSE,Unknown,Unknown,,1815674
GRND,GRND,Grindr Inc. Common Stock,NYSE,Unknown,Unknown,,1815146
GLBE,GLBE,Global-E Online Ltd. - ordinary shares,NASDAQ,Unknown,Unknown,,1809444
OSS,OSS,"One Stop Systems, Inc. - Common Stock",NASDAQ,Unknown,Unknown,,1803926
VNO,VNO,Vornado Realty Trust Common Stock,NYSE,Unknown,Unknown,,1801998
NVS,NVS,Novartis AG Common Stock,NYSE,Unknown,Unknown,,1798210
MRP,MRP,"Millrose Properties, Inc. Class A Common Stock",NYSE,Unknown,Unknown,,1798082
MDU,MDU,"MDU Resources Group, Inc. Common Stock (Holding Company)",NYSE,Unknown,Unknown,,1797774
GPC,GPC,Genuine Parts Company Common Stock,NYSE,Unknown,Unknown,,1797470
ARX,ARX,Accelerant Holdings Class A Common Shares,NYSE,Unknown,Unknown,,1794274
TXNM,TXNM,"TXNM Energy, Inc. Common Stock",NYSE,Unknown,Unknown,,1791812
ORKA,ORKA,"Oruka Therapeutics, Inc. - Common Stock",NASDAQ,Unknown,Unknown,,1788866
HESM,HESM,Hess Midstream LP Class A Representing Limited Partner Interests,NYSE,Unknown,Unknown,,1785878
INCY,INCY,Incyte Corporation - Common Stock,NASDAQ,Unknown,Unknown,,1785792
MTDR,MTDR,Matador Resources Company Common Stock,NYSE,Unknown,Unknown,,1785024
PHM,PHM,"PulteGroup, Inc. Common Stock",NYSE,Unknown,Unknown,,1781542
RAL,RAL,Ralliant Corporation Common Stock,NYSE,Unknown,Unknown,,1779242
MAIR,MAIR,Madison Air Solutions Corporation Class A Common Stock,NYSE,Unknown,Unknown,,1779064
HIG,HIG,"The Hartford Insurance Group, Inc. Common Stock",NYSE,Unknown,Unknown,,1778754
TW,TW,Tradeweb Markets Inc. - Class A Common Stock,NASDAQ,Unknown,Unknown,,1776828
RNG,RNG,"RingCentral, Inc. Class A Common Stock",NYSE,Unknown,Unknown,,1776674
BG,BG,Bunge Limited Common Shares,NYSE,Unknown,Unknown,,1768566
SJM,SJM,The J.M. Smucker Company Common Stock,NYSE,Unknown,Unknown,,1766014
MTSI,MTSI,"MACOM Technology Solutions Holdings, Inc. - Common Stock",NASDAQ,Unknown,Unknown,,1758780
PCVX,PCVX,"Vaxcyte, Inc. - Common Stock",NASDAQ,Unknown,Unknown,,1757638
RSG,RSG,"Republic Services, Inc. Common Stock",NYSE,Unknown,Unknown,,1753782
BRUN,BRUN,Boost Run Inc. - Class A Common Stock,NASDAQ,Unknown,Unknown,,1741512
WCN,WCN,"Waste Connections, Inc. Common Shares",NYSE,Unknown,Unknown,,1739408
MNDY,MNDY,monday.com Ltd. - Ordinary Shares,NASDAQ,Unknown,Unknown,,1738824
FOUR,FOUR,"Shift4 Payments, Inc. Class A Common Stock",NYSE,Unknown,Unknown,,1734686
ODD,ODD,ODDITY Tech Ltd. - Class A Ordinary Shares,NASDAQ,Unknown,Unknown,,1731504
NWS,NWS,News Corporation - Class B Common Stock,NASDAQ,Unknown,Unknown,,1729520
CCXI,CCXI,Churchill Capital Corp XI - Class A Ordinary Shares,NASDAQ,Unknown,Unknown,,1729254
BWIN,BWIN,"The Baldwin Insurance Group, Inc. - Class A Common Stock",NASDAQ,Unknown,Unknown,,1727908
GWRE,GWRE,"Guidewire Software, Inc. Common Stock",NYSE,Unknown,Unknown,,1719396
PPTA,PPTA,Perpetua Resources Corp. - Common Shares,NASDAQ,Unknown,Unknown,,1718256
IMMX,IMMX,"Immix Biopharma, Inc. - Common Stock",NASDAQ,Unknown,Unknown,,1716902
ECL,ECL,Ecolab Inc. Common Stock,NYSE,Unknown,Unknown,,1714808
CRSP,CRSP,CRISPR Therapeutics AG - Common Shares,NASDAQ,Unknown,Unknown,,1713122
EFX,EFX,"Equifax, Inc. Common Stock",NYSE,Unknown,Unknown,,1711026
IQV,IQV,"IQVIA Holdings, Inc. Common Stock",NYSE,Unknown,Unknown,,1710826
TAC,TAC,TransAlta Corporation Ordinary Shares,NYSE,Unknown,Unknown,,1710130
HOMB,HOMB,"Home BancShares, Inc. Common Stock",NYSE,Unknown,Unknown,,1707410
FRPT,FRPT,"Freshpet, Inc. - Common Stock",NASDAQ,Unknown,Unknown,,1706450
BETA,BETA,"Beta Technologies, Inc. Class A Common Stock",NYSE,Unknown,Unknown,,1703180
SWK,SWK,"Stanley Black & Decker, Inc. Common Stock",NYSE,Unknown,Unknown,,1702734
TRV,TRV,"The Travelers Companies, Inc. Common Stock",NYSE,Unknown,Unknown,,1702450
IRM,IRM,Iron Mountain Incorporated (Delaware)Common Stock REIT,NYSE,Unknown,Unknown,,1701356
CHRW,CHRW,"C.H. Robinson Worldwide, Inc. - Common Stock",NASDAQ,Unknown,Unknown,,1700322
AVAV,AVAV,"AeroVironment, Inc. - Common Stock",NASDAQ,Unknown,Unknown,,1698314
PFGC,PFGC,Performance Food Group Company Common Stock,NYSE,Unknown,Unknown,,1690778
JKHY,JKHY,"Jack Henry & Associates, Inc. - Common Stock",NASDAQ,Unknown,Unknown,,1686348
CB,CB,Chubb Limited  Common Stock,NYSE,Unknown,Unknown,,1685730
YUMC,YUMC,"Yum China Holdings, Inc. Common Stock",NYSE,Unknown,Unknown,,1684776
EXPE,EXPE,"Expedia Group, Inc. - Common Stock",NASDAQ,Unknown,Unknown,,1682830
CHKP,CHKP,Check Point Software Technologies Ltd. - Ordinary Shares,NASDAQ,Unknown,Unknown,,1681724
ORIC,ORIC,"Oric Pharmaceuticals, Inc. - Common Stock",NASDAQ,Unknown,Unknown,,1680106
CVBF,CVBF,CVB Financial Corporation - Common Stock,NASDAQ,Unknown,Unknown,,1679762
ELV,ELV,"Elevance Health, Inc. Common Stock",NYSE,Unknown,Unknown,,1679534
VECO,VECO,Veeco Instruments Inc. - Common Stock,NASDAQ,Unknown,Unknown,,1677730
PODD,PODD,Insulet Corporation - Common Stock,NASDAQ,Unknown,Unknown,,1676106
IT,IT,"Gartner, Inc. Common Stock",NYSE,Unknown,Unknown,,1675792
MLYS,MLYS,"Mineralys Therapeutics, Inc. - Common Stock",NASDAQ,Unknown,Unknown,,1675684
ACAD,ACAD,ACADIA Pharmaceuticals Inc. - Common Stock,NASDAQ,Unknown,Unknown,,1672440
FHB,FHB,"First Hawaiian, Inc. - Common Stock",NASDAQ,Unknown,Unknown,,1669324
VERX,VERX,"Vertex, Inc. - Class A Common Stock",NASDAQ,Unknown,Unknown,,1667052
LDOS,LDOS,"Leidos Holdings, Inc. Common Stock",NYSE,Unknown,Unknown,,1663968
PRM,PRM,"Perimeter Solutions, SA Common Stock",NYSE,Unknown,Unknown,,1663124
CI,CI,The Cigna Group Common Stock,NYSE,Unknown,Unknown,,1662446
DUOL,DUOL,"Duolingo, Inc. - Class A Common Stock",NASDAQ,Unknown,Unknown,,1662310
INGM,INGM,Ingram Micro Holding Corporation Common Stock,NYSE,Unknown,Unknown,,1656014
VSTS,VSTS,Vestis Corporation Common Stock,NYSE,Unknown,Unknown,,1655726
KEYS,KEYS,Keysight Technologies Inc. Common Stock,NYSE,Unknown,Unknown,,1655338
PRCT,PRCT,PROCEPT BioRobotics Corporation - Common Stock,NASDAQ,Unknown,Unknown,,1654020
NTRA,NTRA,"Natera, Inc. - Common Stock",NASDAQ,Unknown,Unknown,,1650118
LMND,LMND,"Lemonade, Inc. Common Stock",NYSE,Unknown,Unknown,,1649076
VERA,VERA,"Vera Therapeutics, Inc. - Class A Common Stock",NASDAQ,Unknown,Unknown,,1649076
PLAB,PLAB,"Photronics, Inc. - Common Stock",NASDAQ,Unknown,Unknown,,1649058
HLF,HLF,Herbalife Ltd. Common Shares,NYSE,Unknown,Unknown,,1645398
TTAN,TTAN,"ServiceTitan, Inc. - Class A Common Stock",NASDAQ,Unknown,Unknown,,1642036
KT,KT,KT Corporation Common Stock,NYSE,Unknown,Unknown,,1640958
SBH,SBH,"Sally Beauty Holdings, Inc. (Name to be changed from Sally Holdings, Inc.) Common Stock",NYSE,Unknown,Unknown,,1628898
AON,AON,Aon plc Class A Ordinary Shares (Ireland),NYSE,Unknown,Unknown,,1627740
FNF,FNF,"Fidelity National Financial, Inc. Common Stock",NYSE,Unknown,Unknown,,1627672
BLSH,BLSH,Bullish Ordinary Shares,NYSE,Unknown,Unknown,,1627586
AMBA,AMBA,"Ambarella, Inc. - Ordinary Shares",NASDAQ,Unknown,Unknown,,1626658
RMD,RMD,ResMed Inc. Common Stock,NYSE,Unknown,Unknown,,1626632
OCTV,OCTV,Octave Intelligence plc - Class B Ordinary Shares,NASDAQ,Unknown,Unknown,,1625944
FER,FER,Ferrovial N.V. - Ordinary Shares,NASDAQ,Unknown,Unknown,,1625482
HTGC,HTGC,"Hercules Capital, Inc. Common Stock",NYSE,Unknown,Unknown,,1619830
BEPC,BEPC,Brookfield Renewable Corporation Brookfield Renewable Corporation Class A Subordinate Voting Shares,NYSE,Unknown,Unknown,,1617638
AUPH,AUPH,Aurinia Pharmaceuticals Inc - Common Shares,NASDAQ,Unknown,Unknown,,1616106
BR,BR,"Broadridge Financial Solutions, Inc. Common Stock",NYSE,Unknown,Unknown,,1613088
NUE,NUE,Nucor Corporation Common Stock,NYSE,Unknown,Unknown,,1609936
VGNT,VGNT,Versigent PLC Ordinary Shares,NYSE,Unknown,Unknown,,1608000
CGAU,CGAU,Centerra Gold Inc. Common Shares,NYSE,Unknown,Unknown,,1606536
HSBC,HSBC,"HSBC Holdings, plc. Common Stock",NYSE,Unknown,Unknown,,1605732
HUM,HUM,Humana Inc. Common Stock,NYSE,Unknown,Unknown,,1605354
PAGP,PAGP,"Plains GP Holdings, L.P. - Class A Shares representing limited partner interests",NASDAQ,Unknown,Unknown,,1601014
DAN,DAN,Dana Incorporated Common Stock ,NYSE,Unknown,Unknown,,1600850
VRTX,VRTX,Vertex Pharmaceuticals Incorporated - Common Stock,NASDAQ,Unknown,Unknown,,1597978
CRVS,CRVS,"Corvus Pharmaceuticals, Inc. - Common Stock",NASDAQ,Unknown,Unknown,,1597106
ASO,ASO,"Academy Sports and Outdoors, Inc. - Common Stock",NASDAQ,Unknown,Unknown,,1592530
FA,FA,First Advantage Corporation - Common Stock,NASDAQ,Unknown,Unknown,,1591296
GIL,GIL,"Gildan Activewear, Inc. Class A Sub. Vot. Common Stock",NYSE,Unknown,Unknown,,1590088
COHU,COHU,"Cohu, Inc. - Common Stock",NASDAQ,Unknown,Unknown,,1587618
HTFL,HTFL,"Heartflow, Inc. - Common Stock",NASDAQ,Unknown,Unknown,,1587498
PPC,PPC,Pilgrim's Pride Corporation - Common Stock,NASDAQ,Unknown,Unknown,,1585568
XPO,XPO,"XPO, Inc. Common Stock",NYSE,Unknown,Unknown,,1585300
CTRI,CTRI,"Centuri Holdings, Inc. Common Stock",NYSE,Unknown,Unknown,,1585114
BRSL,BRSL,"Brightstar Lottery PLC Trading under the Legal Name to begin at the market open on July 21, 2025. Ordinary Shares",NYSE,Unknown,Unknown,,1582504
PGNY,PGNY,"Progyny, Inc. - Common Stock",NASDAQ,Unknown,Unknown,,1576618
ZION,ZION,Zions Bancorporation N.A. - Common Stock,NASDAQ,Unknown,Unknown,,1574542
SFL,SFL,SFL Corporation Ltd,NYSE,Unknown,Unknown,,1571378
KRC,KRC,Kilroy Realty Corporation Common Stock,NYSE,Unknown,Unknown,,1571090
HCA,HCA,"HCA Healthcare, Inc. Common Stock",NYSE,Unknown,Unknown,,1569742
BBVA,BBVA,Banco Bilbao Vizcaya Argentaria S.A. Common Stock,NYSE,Unknown,Unknown,,1567848
HSIC,HSIC,"Henry Schein, Inc. - Common Stock",NASDAQ,Unknown,Unknown,,1567812
SCI,SCI,Service Corporation International Common Stock,NYSE,Unknown,Unknown,,1567604
OLMA,OLMA,"Olema Pharmaceuticals, Inc. - Common Stock",NASDAQ,Unknown,Unknown,,1565900
DTE,DTE,DTE Energy Company Common Stock,NYSE,Unknown,Unknown,,1564306
FWRD,FWRD,Forward Air Corporation - Common Stock,NASDAQ,Unknown,Unknown,,1563194
EWTX,EWTX,"Edgewise Therapeutics, Inc. - Common Stock",NASDAQ,Unknown,Unknown,,1562384
XENE,XENE,Xenon Pharmaceuticals Inc. - Common Shares,NASDAQ,Unknown,Unknown,,1560792
NE,NE,Noble Corporation plc A Ordinary Shares,NYSE,Unknown,Unknown,,1559022
WPC,WPC,W. P. Carey Inc. REIT,NYSE,Unknown,Unknown,,1557702
CMBT,CMBT,CMB.TECH NV Ordinary Shares,NYSE,Unknown,Unknown,,1556032
MICC,MICC,The Magnum Ice Cream Company N.V. Ordinary Shares,NYSE,Unknown,Unknown,,1552968
REG,REG,Regency Centers Corporation - Common Stock,NASDAQ,Unknown,Unknown,,1548138
BXMT,BXMT,"Blackstone Mortgage Trust, Inc. Common Stock",NYSE,Unknown,Unknown,,1546106
LGN,LGN,Legence Corp. - Class A Common stock,NASDAQ,Unknown,Unknown,,1544080
NOMD,NOMD,Nomad Foods Limited Ordinary Shares,NYSE,Unknown,Unknown,,1540060
RVTY,RVTY,"Revvity, Inc. Common Stock",NYSE,Unknown,Unknown,,1539564
YOU,YOU,"Clear Secure, Inc. Class A Common Stock",NYSE,Unknown,Unknown,,1534330
METC,METC,"Ramaco Resources, Inc. - Class A Common Stock",NASDAQ,Unknown,Unknown,,1533076
CARG,CARG,"CarGurus, Inc. - Class A Common Stock",NASDAQ,Unknown,Unknown,,1531828
EMBJ,EMBJ,Embraer S.A. Common Stock,NYSE,Unknown,Unknown,,1525822
WYNN,WYNN,"Wynn Resorts, Limited - Common Stock",NASDAQ,Unknown,Unknown,,1523734
CNI,CNI,Canadian National Railway Company Common Stock,NYSE,Unknown,Unknown,,1522128
NIQ,NIQ,NIQ Global Intelligence plc Ordinary Shares,NYSE,Unknown,Unknown,,1521002
ATO,ATO,Atmos Energy Corporation Common Stock,NYSE,Unknown,Unknown,,1519502
BAND,BAND,Bandwidth Inc. - Class A Common Stock,NASDAQ,Unknown,Unknown,,1517472
ORI,ORI,Old Republic International Corporation Common Stock,NYSE,Unknown,Unknown,,1517012
TKO,TKO,"TKO Group Holdings, Inc. Class A Common Stock",NYSE,Unknown,Unknown,,1516884
AVO,AVO,"Mission Produce, Inc. - Common Stock",NASDAQ,Unknown,Unknown,,1516560
MAR,MAR,Marriott International - Class A Common Stock,NASDAQ,Unknown,Unknown,,1514988
AHCO,AHCO,AdaptHealth Corp.  - Common Stock,NASDAQ,Unknown,Unknown,,1514918
LFTO,LFTO,"Liftoff Mobile, Inc. - Common Stock",NASDAQ,Unknown,Unknown,,1512612
FTRE,FTRE,Fortrea Holdings Inc. - Common Stock,NASDAQ,Unknown,Unknown,,1511222
SGRY,SGRY,"Surgery Partners, Inc. - Common Stock",NASDAQ,Unknown,Unknown,,1511116
LW,LW,"Lamb Weston Holdings, Inc. Common Stock ",NYSE,Unknown,Unknown,,1505828
WSE,WSE,Wise Group plc - Class A Ordinary Shares,NASDAQ,Unknown,Unknown,,1504773
TXT,TXT,Textron Inc. Common Stock,NYSE,Unknown,Unknown,,1504468
CELC,CELC,Celcuity Inc. - Common Stock,NASDAQ,Unknown,Unknown,,1503564
WGS,WGS,GeneDx Holdings Corp. - Class A Common Stock,NASDAQ,Unknown,Unknown,,1502228
MOD,MOD,Modine Manufacturing Company Common Stock,NYSE,Unknown,Unknown,,1501154
GRRR,GRRR,Gorilla Technology Group Inc. - Ordinary shares,NASDAQ,Unknown,Unknown,,1498192
GPRE,GPRE,"Green Plains, Inc. - Common Stock",NASDAQ,Unknown,Unknown,,1496214
DRVN,DRVN,Driven Brands Holdings Inc. - Common Stock,NASDAQ,Unknown,Unknown,,1495850
SPIR,SPIR,"Spire Global, Inc. Class A Common Stock",NYSE,Unknown,Unknown,,1489562
BXP,BXP,"BXP, Inc. Common Stock",NYSE,Unknown,Unknown,,1488554
AKR,AKR,Acadia Realty Trust Common Stock,NYSE,Unknown,Unknown,,1485724
ELS,ELS,"Equity Lifestyle Properties, Inc. Common Stock",NYSE,Unknown,Unknown,,1484990
REZI,REZI,"Resideo Technologies, Inc. Common Stock ",NYSE,Unknown,Unknown,,1480194
TH,TH,Target Hospitality Corp. - Common Stock,NASDAQ,Unknown,Unknown,,1475496
HAWK,HAWK,"HawkEye 360, Inc. Common Stock",NYSE,Unknown,Unknown,,1474665
THC,THC,Tenet Healthcare Corporation Common Stock,NYSE,Unknown,Unknown,,1472586
SRRK,SRRK,Scholar Rock Holding Corporation - Common Stock,NASDAQ,Unknown,Unknown,,1469446
TTE,TTE,TotalEnergies SE Ordinary Shares,NYSE,Unknown,Unknown,,1464388
GXO,GXO,"GXO Logistics, Inc. Common Stock ",NYSE,Unknown,Unknown,,1464172
CCOI,CCOI,"Cogent Communications Holdings, Inc. - Common Stock",NASDAQ,Unknown,Unknown,,1461746
OGE,OGE,OGE Energy Corp Common Stock,NYSE,Unknown,Unknown,,1456002
RY,RY,Royal Bank Of Canada Common Stock,NYSE,Unknown,Unknown,,1455942
YETI,YETI,"YETI Holdings, Inc. Common Stock",NYSE,Unknown,Unknown,,1452348
ELVN,ELVN,"Enliven Therapeutics, Inc.  - Common Stock",NASDAQ,Unknown,Unknown,,1451562
NMRK,NMRK,"Newmark Group, Inc. - Class A Common Stock",NASDAQ,Unknown,Unknown,,1449770
BXDC,BXDC,Blackstone Digital Infrastructure Trust Inc. Common Stock,NYSE,Unknown,Unknown,,1449643
TMDX,TMDX,"TransMedics Group, Inc. - Common Stock",NASDAQ,Unknown,Unknown,,1447972
NVVE,NVVE,Nuvve Holding Corp. - Common Stock,NASDAQ,Unknown,Unknown,,1442144
ITW,ITW,Illinois Tool Works Inc. Common Stock,NYSE,Unknown,Unknown,,1441056
IMNM,IMNM,"Immunome, Inc. - Common Stock",NASDAQ,Unknown,Unknown,,1437552
AMLX,AMLX,"Amylyx Pharmaceuticals, Inc. - Common Stock",NASDAQ,Unknown,Unknown,,1436774
SLDE,SLDE,"Slide Insurance Holdings, Inc. - Common Stock",NASDAQ,Unknown,Unknown,,1433360
AVT,AVT,"Avnet, Inc. - Common Stock",NASDAQ,Unknown,Unknown,,1430674
FBP,FBP,First BanCorp. New Common Stock,NYSE,Unknown,Unknown,,1428806
ALIT,ALIT,"Alight, Inc. Class A Common Stock",NYSE,Unknown,Unknown,,1428309
SDGR,SDGR,"Schrodinger, Inc. - Common Stock",NASDAQ,Unknown,Unknown,,1425004
GLNG,GLNG,Golar LNG Limited - Common Shares,NASDAQ,Unknown,Unknown,,1424786
GGG,GGG,Graco Inc. Common Stock,NYSE,Unknown,Unknown,,1421812
PWP,PWP,Perella Weinberg Partners - Class A Common Stock,NASDAQ,Unknown,Unknown,,1421716
RJF,RJF,"Raymond James Financial, Inc. Common Stock",NYSE,Unknown,Unknown,,1420786
JBL,JBL,Jabil Inc. Common Stock,NYSE,Unknown,Unknown,,1418764
ARLO,ARLO,"Arlo Technologies, Inc. Common Stock",NYSE,Unknown,Unknown,,1413952
UNM,UNM,Unum Group Common Stock,NYSE,Unknown,Unknown,,1413640
SF,SF,Stifel Financial Corporation Common Stock,NYSE,Unknown,Unknown,,1406162
LHX,LHX,"L3Harris Technologies, Inc. Common Stock",NYSE,Unknown,Unknown,,1404184
J,J,Jacobs Solutions Inc. Common Stock,NYSE,Unknown,Unknown,,1403380
CM,CM,Canadian Imperial Bank of Commerce Common Stock,NYSE,Unknown,Unknown,,1401746
SYRE,SYRE,"Spyre Therapeutics, Inc. - Common Stock",NASDAQ,Unknown,Unknown,,1401226
FERG,FERG,Ferguson Enterprises Inc. Common Stock,NYSE,Unknown,Unknown,,1400218
MDA,MDA,MDA Space Ltd. Common Shares,NYSE,Unknown,Unknown,,1397326
PHR,PHR,"Phreesia, Inc. Common Stock",NYSE,Unknown,Unknown,,1394996
PAR,PAR,PAR Technology Corporation Common Stock,NYSE,Unknown,Unknown,,1394990
TT,TT,Trane Technologies plc,NYSE,Unknown,Unknown,,1394396
TSSI,TSSI,"TSS, Inc. - Common Stock",NASDAQ,Unknown,Unknown,,1391272
ARIS,ARIS,Aris Mining Corporation Common Shares,NYSE,Unknown,Unknown,,1388908
DD,DD,"DuPont de Nemours, Inc. Common Stock",NYSE,Unknown,Unknown,,1388455
DOX,DOX,Amdocs Limited - Ordinary Shares,NASDAQ,Unknown,Unknown,,1388132
TEX,TEX,Terex Corporation Common Stock,NYSE,Unknown,Unknown,,1387412
MKSI,MKSI,MKS Inc. - Common Stock,NASDAQ,Unknown,Unknown,,1383032
GSAT,GSAT,"Globalstar, Inc. - Common Stock",NASDAQ,Unknown,Unknown,,1380946
CWEN,CWEN,"Clearway Energy, Inc. Class C Common Stock",NYSE,Unknown,Unknown,,1380558
MGA,MGA,"Magna International, Inc. Common Stock",NYSE,Unknown,Unknown,,1377380
JAN,JAN,"Janus Living, Inc. Class A-1 Common Stock",NYSE,Unknown,Unknown,,1375608
ANF,ANF,Abercrombie & Fitch Company Common Stock,NYSE,Unknown,Unknown,,1375378
BFAM,BFAM,Bright Horizons Family Solutions Inc. Common Stock,NYSE,Unknown,Unknown,,1374292
KMT,KMT,Kennametal Inc. Common Stock,NYSE,Unknown,Unknown,,1373512
MLI,MLI,"Mueller Industries, Inc. Common Stock",NYSE,Unknown,Unknown,,1373024
UCTT,UCTT,"Ultra Clean Holdings, Inc. - Common Stock",NASDAQ,Unknown,Unknown,,1370404
NAMS,NAMS,NewAmsterdam Pharma Company N.V. - Ordinary Shares,NASDAQ,Unknown,Unknown,,1366580
WH,WH,"Wyndham Hotels & Resorts, Inc. Common Stock ",NYSE,Unknown,Unknown,,1364066
PMT,PMT,PennyMac Mortgage Investment Trust Common Shares of Beneficial Interest,NYSE,Unknown,Unknown,,1363220
APD,APD,"Air Products and Chemicals, Inc. Common Stock",NYSE,Unknown,Unknown,,1356692
BL,BL,"BlackLine, Inc. - Common Stock",NASDAQ,Unknown,Unknown,,1354384
STEP,STEP,StepStone Group Inc. - Class A Common Stock,NASDAQ,Unknown,Unknown,,1354180
ALMS,ALMS,Alumis Inc. - Common Stock,NASDAQ,Unknown,Unknown,,1351210
YELP,YELP,Yelp Inc. Common Stock,NYSE,Unknown,Unknown,,1348570
WBI,WBI,WaterBridge Infrastructure LLC Class A Shares Representing Limited Liability Company Interests,NYSE,Unknown,Unknown,,1348442
VIRT,VIRT,"Virtu Financial, Inc. Class A Common Stock",NYSE,Unknown,Unknown,,1346328
SCCO,SCCO,Southern Copper Corporation Common Stock,NYSE,Unknown,Unknown,,1344362
STAG,STAG,"Stag Industrial, Inc. Common Stock",NYSE,Unknown,Unknown,,1341688
ERO,ERO,Ero Copper Corp. Common Shares,NYSE,Unknown,Unknown,,1341376
PWR,PWR,"Quanta Services, Inc. Common Stock",NYSE,Unknown,Unknown,,1341144
SNN,SNN,"Smith & Nephew SNATS, Inc. Common Stock",NYSE,Unknown,Unknown,,1341078
LASR,LASR,"nLIGHT, Inc. - Common Stock",NASDAQ,Unknown,Unknown,,1341012
ONTO,ONTO,Onto Innovation Inc. Common Stock,NYSE,Unknown,Unknown,,1340658
CBRL,CBRL,"Cracker Barrel Old Country Store, Inc. - Common Stock",NASDAQ,Unknown,Unknown,,1337780
DE,DE,Deere & Company Common Stock,NYSE,Unknown,Unknown,,1335768
SBLK,SBLK,Star Bulk Carriers Corp. - Common Shares,NASDAQ,Unknown,Unknown,,1335706
ALMU,ALMU,"Aeluma, Inc. - Common Stock",NASDAQ,Unknown,Unknown,,1334706
ZG,ZG,"Zillow Group, Inc. - Class A Common Stock",NASDAQ,Unknown,Unknown,,1333352
ZIM,ZIM,ZIM Integrated Shipping Services Ltd. Ordinary Shares,NYSE,Unknown,Unknown,,1333338
AER,AER,AerCap Holdings N.V. Ordinary Shares,NYSE,Unknown,Unknown,,1333210
RDN,RDN,Radian Group Inc. Common Stock,NYSE,Unknown,Unknown,,1332746
WING,WING,Wingstop Inc. - Common Stock,NASDAQ,Unknown,Unknown,,1330914
FWRG,FWRG,"First Watch Restaurant Group, Inc. - Common Stock",NASDAQ,Unknown,Unknown,,1329394
CXW,CXW,"CoreCivic, Inc. Common Stock",NYSE,Unknown,Unknown,,1324714
QRVO,QRVO,"Qorvo, Inc. - Common Stock",NASDAQ,Unknown,Unknown,,1323974
COCO,COCO,"The Vita Coco Company, Inc. - Common Stock",NASDAQ,Unknown,Unknown,,1322656
LAUR,LAUR,"Laureate Education, Inc. - Common Stock",NASDAQ,Unknown,Unknown,,1322650
EFC,EFC,Ellington Financial Inc. Common Stock ,NYSE,Unknown,Unknown,,1317954
CAKE,CAKE,The Cheesecake Factory Incorporated - Common Stock,NASDAQ,Unknown,Unknown,,1313024
GD,GD,General Dynamics Corporation Common Stock,NYSE,Unknown,Unknown,,1310090
LMT,LMT,Lockheed Martin Corporation Common Stock,NYSE,Unknown,Unknown,,1309274
POR,POR,Portland General Electric Co Common Stock,NYSE,Unknown,Unknown,,1308246
WSBC,WSBC,"WesBanco, Inc. - Common Stock",NASDAQ,Unknown,Unknown,,1304870
GMRS,GMRS,GMR Solutions Inc. Class A Common Stock,NYSE,Unknown,Unknown,,1303027
OC,OC,Owens Corning Inc Common Stock New,NYSE,Unknown,Unknown,,1297172
VCYT,VCYT,"Veracyte, Inc. - Common Stock",NASDAQ,Unknown,Unknown,,1296564
KBH,KBH,KB Home Common Stock,NYSE,Unknown,Unknown,,1293254
CLYM,CLYM,"Climb Bio, Inc. - Common Stock",NASDAQ,Unknown,Unknown,,1289732
CAPR,CAPR,"Capricor Therapeutics, Inc. - Common Stock",NASDAQ,Unknown,Unknown,,1283118
FIVE,FIVE,"Five Below, Inc. - Common Stock",NASDAQ,Unknown,Unknown,,1282444
AME,AME,"AMETEK, Inc.",NYSE,Unknown,Unknown,,1281578
ALNY,ALNY,"Alnylam Pharmaceuticals, Inc. - Common Stock",NASDAQ,Unknown,Unknown,,1277920
VOYA,VOYA,"Voya Financial, Inc. Common Stock",NYSE,Unknown,Unknown,,1271970
SFNC,SFNC,Simmons First National Corporation - Common Stock,NASDAQ,Unknown,Unknown,,1271690
DRI,DRI,"Darden Restaurants, Inc. Common Stock",NYSE,Unknown,Unknown,,1270250
PNW,PNW,Pinnacle West Capital Corporation Common Stock,NYSE,Unknown,Unknown,,1269212
SON,SON,Sonoco Products Company Common Stock,NYSE,Unknown,Unknown,,1268676
RCUS,RCUS,"Arcus Biosciences, Inc. Common Stock",NYSE,Unknown,Unknown,,1268192
SFD,SFD,"Smithfield Foods, Inc. - Common Stock",NASDAQ,Unknown,Unknown,,1267988
URBN,URBN,"Urban Outfitters, Inc. - Common Stock",NASDAQ,Unknown,Unknown,,1267644
PSN,PSN,Parsons Corporation Common Stock,NYSE,Unknown,Unknown,,1265978
BVN,BVN,Buenaventura Mining Company Inc.,NYSE,Unknown,Unknown,,1262918
REYN,REYN,Reynolds Consumer Products Inc. - Common Stock,NASDAQ,Unknown,Unknown,,1262734
PFG,PFG,Principal Financial Group Inc - Common Stock,NASDAQ,Unknown,Unknown,,1261474
PBA,PBA,Pembina Pipeline Corp. Ordinary Shares (Canada),NYSE,Unknown,Unknown,,1261054
KMPR,KMPR,Kemper Corporation,NYSE,Unknown,Unknown,,1257700
INSP,INSP,"Inspire Medical Systems, Inc. Common Stock",NYSE,Unknown,Unknown,,1257480
MUX,MUX,McEwen Inc. Common Stock,NYSE,Unknown,Unknown,,1255916
PHAT,PHAT,"Phathom Pharmaceuticals, Inc. - Common Stock",NASDAQ,Unknown,Unknown,,1255682
MWA,MWA,MUELLER WATER PRODUCTS Common Stock,NYSE,Unknown,Unknown,,1255046
HP,HP,"Helmerich & Payne, Inc. Common Stock",NYSE,Unknown,Unknown,,1253514
CBSH,CBSH,"Commerce Bancshares, Inc. - Common Stock",NASDAQ,Unknown,Unknown,,1252498
ICHR,ICHR,Ichor Holdings - Ordinary Shares,NASDAQ,Unknown,Unknown,,1252394
TRGP,TRGP,"Targa Resources, Inc. Common Stock",NYSE,Unknown,Unknown,,1251372
MCK,MCK,McKesson Corporation Common Stock,NYSE,Unknown,Unknown,,1249302
MNTN,MNTN,"MNTN, Inc. Class A Common Stock",NYSE,Unknown,Unknown,,1246394
GTLS,GTLS,"Chart Industries, Inc. Common Stock",NYSE,Unknown,Unknown,,1246230
VOR,VOR,Vor Biopharma Inc. - Common Stock,NASDAQ,Unknown,Unknown,,1245824
LSPD,LSPD,Lightspeed Commerce Inc. Subordinate Voting Shares,NYSE,Unknown,Unknown,,1244986
POWI,POWI,"Power Integrations, Inc. - Common Stock",NASDAQ,Unknown,Unknown,,1244192
WFRD,WFRD,Weatherford International plc - Ordinary shares,NASDAQ,Unknown,Unknown,,1243874
DEO,DEO,Diageo plc Common Stock,NYSE,Unknown,Unknown,,1242398
NVRI,NVRI,Enviri Corporation Common Stock,NYSE,Unknown,Unknown,,1240960
WSM,WSM,"Williams-Sonoma, Inc. Common Stock (DE)",NYSE,Unknown,Unknown,,1240212
TXRH,TXRH,"Texas Roadhouse, Inc. - Common Stock",NASDAQ,Unknown,Unknown,,1239928
EXPD,EXPD,"Expeditors International of Washington, Inc. Common Stock",NYSE,Unknown,Unknown,,1239924
NBIX,NBIX,"Neurocrine Biosciences, Inc. - Common Stock",NASDAQ,Unknown,Unknown,,1237742
AXON,AXON,"Axon Enterprise, Inc. - Common Stock",NASDAQ,Unknown,Unknown,,1237014
CMC,CMC,Commercial Metals Company Common Stock,NYSE,Unknown,Unknown,,1236942
DK,DK,"Delek US Holdings, Inc. Common Stock",NYSE,Unknown,Unknown,,1235684
ALSN,ALSN,"Allison Transmission Holdings, Inc. Common Stock",NYSE,Unknown,Unknown,,1235472
EFOR,EFOR,"Everforth, Inc. Common Stock",NYSE,Unknown,Unknown,,1234076
FTAI,FTAI,FTAI Aviation Ltd. - Common Stock,NASDAQ,Unknown,Unknown,,1233110
EMN,EMN,Eastman Chemical Company Common Stock,NYSE,Unknown,Unknown,,1232382
VMC,VMC,Vulcan Materials Company (Holding Company) Common Stock,NYSE,Unknown,Unknown,,1226686
CROX,CROX,"Crocs, Inc. - Common Stock",NASDAQ,Unknown,Unknown,,1223324
UTI,UTI,Universal Technical Institute Inc Common Stock,NYSE,Unknown,Unknown,,1221234
ENOV,ENOV,Enovis Corporation Common Stock,NYSE,Unknown,Unknown,,1220008
ZGN,ZGN,Ermenegildo Zegna N.V. Ordinary Shares,NYSE,Unknown,Unknown,,1218492
LBTYK,LBTYK,Liberty Global Ltd. - Class C Common Shares,NASDAQ,Unknown,Unknown,,1216894
AMSC,AMSC,American Superconductor Corporation - Common Stock,NASDAQ,Unknown,Unknown,,1216058
EYPT,EYPT,"EyePoint, Inc. - Common Stock",NASDAQ,Unknown,Unknown,,1215600
BIPC,BIPC,Brookfield Infrastructure Corporation Brookfield Infrastructure Corporation,NYSE,Unknown,Unknown,,1213878
PNFP,PNFP,"Pinnacle Financial Partners, Inc. Common stock",NYSE,Unknown,Unknown,,1209912
PHG,PHG,Koninklijke Philips N.V. NY Registry Shares,NYSE,Unknown,Unknown,,1209366
AXGN,AXGN,"Axogen, Inc. - Common Stock",NASDAQ,Unknown,Unknown,,1208778
GLUE,GLUE,"Monte Rosa Therapeutics, Inc. - Common Stock",NASDAQ,Unknown,Unknown,,1207756
MTZ,MTZ,"MasTec, Inc. Common Stock",NYSE,Unknown,Unknown,,1206420
DKS,DKS,Dick's Sporting Goods Inc Common Stock,NYSE,Unknown,Unknown,,1202160
MQ,MQ,"Marqeta, Inc. - Class A Common Stock",NASDAQ,Unknown,Unknown,,1200567
BIIB,BIIB,Biogen Inc. - Common Stock,NASDAQ,Unknown,Unknown,,1197932
MITK,MITK,"Mitek Systems, Inc. - Common Stock",NASDAQ,Unknown,Unknown,,1197832
IDYA,IDYA,"IDEAYA Biosciences, Inc. - Common Stock",NASDAQ,Unknown,Unknown,,1196914
DOLE,DOLE,Dole plc Ordinary Shares,NYSE,Unknown,Unknown,,1196350
RVLV,RVLV,"Revolve Group, Inc. Class A Common Stock",NYSE,Unknown,Unknown,,1196006
LPX,LPX,Louisiana-Pacific Corporation Common Stock,NYSE,Unknown,Unknown,,1195918
MSI,MSI,"Motorola Solutions, Inc. Common Stock",NYSE,Unknown,Unknown,,1194670
OMDA,OMDA,"Omada Health, Inc. - Common Stock",NASDAQ,Unknown,Unknown,,1193678
STLD,STLD,"Steel Dynamics, Inc. - Common Stock",NASDAQ,Unknown,Unknown,,1193268
SYNA,SYNA,Synaptics Incorporated - Common Stock,NASDAQ,Unknown,Unknown,,1191574
LOGI,LOGI,Logitech International S.A. - Registered Shares,NASDAQ,Unknown,Unknown,,1190996
PB,PB,"Prosperity Bancshares, Inc. Common Stock",NYSE,Unknown,Unknown,,1186920
PPLI,PPLI,People Incorporated - Common Stock,NASDAQ,Unknown,Unknown,,1186344
HGV,HGV,Hilton Grand Vacations Inc. Common Stock ,NYSE,Unknown,Unknown,,1185814
MNRO,MNRO,"Monro, Inc.  - Common Stock",NASDAQ,Unknown,Unknown,,1182880
CPT,CPT,Camden Property Trust Common Stock,NYSE,Unknown,Unknown,,1181702
SANM,SANM,Sanmina Corporation - Common Stock,NASDAQ,Unknown,Unknown,,1180698
AAON,AAON,"AAON, Inc. - Common Stock",NASDAQ,Unknown,Unknown,,1180506
CGEM,CGEM,"Cullinan Therapeutics, Inc. - Common Stock",NASDAQ,Unknown,Unknown,,1178902
ROP,ROP,"Roper Technologies, Inc. - Common Stock",NASDAQ,Unknown,Unknown,,1177288
RGEN,RGEN,Repligen Corporation - Common Stock,NASDAQ,Unknown,Unknown,,1176852
WLK,WLK,Westlake Corporation Common Stock,NYSE,Unknown,Unknown,,1175662
AMN,AMN,AMN Healthcare Services Inc,NYSE,Unknown,Unknown,,1174814
XPRO,XPRO,Expro Group Holdings N.V. Common Stock,NYSE,Unknown,Unknown,,1173358
AVNS,AVNS,"Avanos Medical, Inc. Common Stock",NYSE,Unknown,Unknown,,1168168
IMAX,IMAX,Imax Corporation Common Stock,NYSE,Unknown,Unknown,,1168168
ATEN,ATEN,"A10 Networks, Inc. Common Stock",NYSE,Unknown,Unknown,,1167176
NWBI,NWBI,"Northwest Bancshares, Inc. - Common Stock",NASDAQ,Unknown,Unknown,,1165002
HPP,HPP,"Hudson Pacific Properties, Inc. Common Stock",NYSE,Unknown,Unknown,,1160588
QMCO,QMCO,Quantum Corporation - Common Stock,NASDAQ,Unknown,Unknown,,1160588
OMF,OMF,"OneMain Holdings, Inc. Common Stock",NYSE,Unknown,Unknown,,1160296
FIBK,FIBK,"First Interstate BancSystem, Inc. - Common Stock",NASDAQ,Unknown,Unknown,,1158854
CCK,CCK,"Crown Holdings, Inc.",NYSE,Unknown,Unknown,,1158202
RRX,RRX,Regal Rexnord Corporation Common Stock,NYSE,Unknown,Unknown,,1153998
MLTX,MLTX,MoonLake Immunotherapeutics - Class A Ordinary Shares,NASDAQ,Unknown,Unknown,,1152842
PVH,PVH,PVH Corp. Common Stock,NYSE,Unknown,Unknown,,1151918
TDS,TDS,"Telephone and Data Systems, Inc. Common Shares",NYSE,Unknown,Unknown,,1151160
BOBS,BOBS,"Bob's Discount Furniture, Inc. Common Stock",NYSE,Unknown,Unknown,,1150790
AVB,AVB,"AvalonBay Communities, Inc. Common Stock",NYSE,Unknown,Unknown,,1150394
WK,WK,Workiva Inc. Class A Common Stock,NYSE,Unknown,Unknown,,1147156
ALLE,ALLE,Allegion plc Ordinary Shares,NYSE,Unknown,Unknown,,1146860
ASH,ASH,Ashland Inc. Common Stock,NYSE,Unknown,Unknown,,1145330
AZTA,AZTA,"Azenta, Inc. - Common Stock",NASDAQ,Unknown,Unknown,,1144202
PRVA,PRVA,"Privia Health Group, Inc. - Common Stock",NASDAQ,Unknown,Unknown,,1143322
JANX,JANX,"Janux Therapeutics, Inc. - Common Stock",NASDAQ,Unknown,Unknown,,1142926
ADC,ADC,Agree Realty Corporation Common Stock,NYSE,Unknown,Unknown,,1142842
RBA,RBA,"RB Global, Inc. Common Stock",NYSE,Unknown,Unknown,,1142556
TOL,TOL,"Toll Brothers, Inc. Common Stock",NYSE,Unknown,Unknown,,1142520
NSC,NSC,Norfolk Southern Corporation Common Stock,NYSE,Unknown,Unknown,,1141982
AIP,AIP,"Arteris, Inc.  - Common Stock",NASDAQ,Unknown,Unknown,,1141504
CORT,CORT,Corcept Therapeutics Incorporated - Common Stock,NASDAQ,Unknown,Unknown,,1140304
SHOO,SHOO,"Steven Madden, Ltd. - Common Stock",NASDAQ,Unknown,Unknown,,1136900
ICLR,ICLR,ICON plc - Ordinary Shares,NASDAQ,Unknown,Unknown,,1134952
SQM,SQM,Sociedad Quimica y Minera S.A. Common Stock,NYSE,Unknown,Unknown,,1131668
EXR,EXR,Extra Space Storage Inc Common Stock,NYSE,Unknown,Unknown,,1129084
ENR,ENR,"Energizer Holdings, Inc. Common Stock",NYSE,Unknown,Unknown,,1128792
WWW,WWW,"Wolverine World Wide, Inc. Common Stock",NYSE,Unknown,Unknown,,1128088
AUB,AUB,Atlantic Union Bankshares Corporation Common Stock,NYSE,Unknown,Unknown,,1127100
PUK,PUK,Prudential Public Limited Company Common Stock,NYSE,Unknown,Unknown,,1126516
KN,KN,Knowles Corporation Common Stock,NYSE,Unknown,Unknown,,1126402
SLG,SLG,SL Green Realty Corp Common Stock,NYSE,Unknown,Unknown,,1124018
OZK,OZK,Bank OZK - Common Stock,NASDAQ,Unknown,Unknown,,1122126
WERN,WERN,"Werner Enterprises, Inc. - Common Stock",NASDAQ,Unknown,Unknown,,1119600
PZZA,PZZA,"Papa John's International, Inc. - Common Stock",NASDAQ,Unknown,Unknown,,1119518
CTOS,CTOS,"Custom Truck One Source, Inc. Common Stock",NYSE,Unknown,Unknown,,1116802
MMYT,MMYT,MakeMyTrip Limited - Ordinary Shares,NASDAQ,Unknown,Unknown,,1114570
PBLS,PBLS,"Parabilis Medicines, Inc. - Common Stock",NASDAQ,Unknown,Unknown,,1113638
RCI,RCI,"Rogers Communication, Inc. Common Stock",NYSE,Unknown,Unknown,,1112096
KLIC,KLIC,"Kulicke and Soffa Industries, Inc. - Common Stock",NASDAQ,Unknown,Unknown,,1111834
OPLN,OPLN,"OPENLANE, Inc. Common Stock",NYSE,Unknown,Unknown,,1110424
TKR,TKR,Timken Company (The) Common Stock,NYSE,Unknown,Unknown,,1107288
SHAZ,SHAZ,"SharonAI Holdings, Inc. - Class A Common Stock",NASDAQ,Unknown,Unknown,,1105802
KEP,KEP,Korea Electric Power Corporation Common Stock,NYSE,Unknown,Unknown,,1104752
DSGN,DSGN,"Design Therapeutics, Inc. - Common Stock",NASDAQ,Unknown,Unknown,,1104204
EAT,EAT,"Brinker International, Inc. Common Stock",NYSE,Unknown,Unknown,,1103496
CURB,CURB,Curbline Properties Corp. Common Stock,NYSE,Unknown,Unknown,,1102684
MIRM,MIRM,"Mirum Pharmaceuticals, Inc. - common stock",NASDAQ,Unknown,Unknown,,1102588
GKOS,GKOS,Glaukos Corporation Common Stock,NYSE,Unknown,Unknown,,1101864
AGIO,AGIO,"Agios Pharmaceuticals, Inc. - Common Stock",NASDAQ,Unknown,Unknown,,1100626
WAL,WAL,Western Alliance Bancorporation Common Stock (DE),NYSE,Unknown,Unknown,,1095862
HASI,HASI,"HA Sustainable Infrastructure Capital, Inc. Common Stock",NYSE,Unknown,Unknown,,1094234
FR,FR,"First Industrial Realty Trust, Inc. Common Stock",NYSE,Unknown,Unknown,,1094048
CRNC,CRNC,Cerence Inc. - Common Stock,NASDAQ,Unknown,Unknown,,1084554
UHS,UHS,"Universal Health Services, Inc. Common Stock",NYSE,Unknown,Unknown,,1084222
REGN,REGN,"Regeneron Pharmaceuticals, Inc. - Common Stock",NASDAQ,Unknown,Unknown,,1084022
IART,IART,Integra LifeSciences Holdings Corporation - Common Stock,NASDAQ,Unknown,Unknown,,1083690
JBIO,JBIO,"Jade Biosciences, Inc. - Common Stock",NASDAQ,Unknown,Unknown,,1082020
TRIN,TRIN,Trinity Capital Inc. - Common Stock,NASDAQ,Unknown,Unknown,,1081678
CAR,CAR,"Avis Budget Group, Inc. - Common Stock",NASDAQ,Unknown,Unknown,,1080838
ADNT,ADNT,Adient plc Ordinary Shares ,NYSE,Unknown,Unknown,,1080392
PAY,PAY,"Paymentus Holdings, Inc. Class A Common Stock",NYSE,Unknown,Unknown,,1075236
KNTK,KNTK,Kinetik Holdings Inc. Class A Common Stock,NYSE,Unknown,Unknown,,1074590
GBCI,GBCI,"Glacier Bancorp, Inc. Common Stock",NYSE,Unknown,Unknown,,1074260
CXT,CXT,"Crane NXT, Co. Common Stock",NYSE,Unknown,Unknown,,1072864
NKTR,NKTR,Nektar Therapeutics - Common Stock,NASDAQ,Unknown,Unknown,,1070516
ARXS,ARXS,"Arxis, Inc. - Class A Common Stock",NASDAQ,Unknown,Unknown,,1070364
PARR,PARR,"Par Pacific Holdings, Inc.  Common Stock",NYSE,Unknown,Unknown,,1067662
LPLA,LPLA,LPL Financial Holdings Inc. - Common Stock,NASDAQ,Unknown,Unknown,,1067528
NTRS,NTRS,Northern Trust Corporation - Common Stock,NASDAQ,Unknown,Unknown,,1065942
CGON,CGON,"CG Oncology, Inc. - Common stock",NASDAQ,Unknown,Unknown,,1064652
SUI,SUI,"Sun Communities, Inc. Common Stock",NYSE,Unknown,Unknown,,1063996
MEI,MEI,"Methode Electronics, Inc. Common Stock",NYSE,Unknown,Unknown,,1061952
MAN,MAN,ManpowerGroup Common Stock,NYSE,Unknown,Unknown,,1061534
ALGN,ALGN,"Align Technology, Inc. - Common Stock",NASDAQ,Unknown,Unknown,,1060216
WAT,WAT,Waters Corporation Common Stock,NYSE,Unknown,Unknown,,1059248
CDP,CDP,COPT Defense Properties Common Shares of Beneficial Interest,NYSE,Unknown,Unknown,,1056830
MTB,MTB,M&T Bank Corporation Common Stock,NYSE,Unknown,Unknown,,1056286
PECO,PECO,"Phillips Edison & Company, Inc. - Common Stock",NASDAQ,Unknown,Unknown,,1055890
NPKI,NPKI,NPK International Inc. Common Stock,NYSE,Unknown,Unknown,,1055082
OII,OII,"Oceaneering International, Inc. Common Stock",NYSE,Unknown,Unknown,,1053968
CMI,CMI,Cummins Inc. Common Stock,NYSE,Unknown,Unknown,,1053354
SKT,SKT,Tanger Inc. Common Stock,NYSE,Unknown,Unknown,,1053066
LINE,LINE,"Lineage, Inc. - Common Stock",NASDAQ,Unknown,Unknown,,1051228
SNDR,SNDR,"Schneider National, Inc. Common Stock",NYSE,Unknown,Unknown,,1047040
EHC,EHC,Encompass Health Corporation Common Stock,NYSE,Unknown,Unknown,,1046788
DRS,DRS,"Leonardo DRS, Inc. - Common Stock",NASDAQ,Unknown,Unknown,,1044698
INTA,INTA,"Intapp, Inc. - Common Stock",NASDAQ,Unknown,Unknown,,1044450
LNTH,LNTH,"Lantheus Holdings, Inc. - Common Stock",NASDAQ,Unknown,Unknown,,1044332
AUGO,AUGO,Aura Minerals Inc. - Common Shares,NASDAQ,Unknown,Unknown,,1043402
TLK,TLK,"PT Telekomunikasi Indonesia, Tbk",NYSE,Unknown,Unknown,,1041000
PFS,PFS,"Provident Financial Services, Inc Common Stock",NYSE,Unknown,Unknown,,1038900
FN,FN,Fabrinet Ordinary Shares,NYSE,Unknown,Unknown,,1038084
CALX,CALX,"Calix, Inc Common Stock",NYSE,Unknown,Unknown,,1032728
ZBRA,ZBRA,Zebra Technologies Corporation - Class A Common Stock,NASDAQ,Unknown,Unknown,,1031290
POOL,POOL,Pool Corporation - Common Stock,NASDAQ,Unknown,Unknown,,1031166
MCO,MCO,Moody's Corporation Common Stock,NYSE,Unknown,Unknown,,1030610
AEIS,AEIS,"Advanced Energy Industries, Inc. - Common Stock",NASDAQ,Unknown,Unknown,,1030012
JACK,JACK,Jack In The Box Inc. - Common Stock,NASDAQ,Unknown,Unknown,,1029326
ATMU,ATMU,Atmus Filtration Technologies Inc. Common Stock,NYSE,Unknown,Unknown,,1028670
VIA,VIA,"Via Transportation, Inc. Class A Common Stock",NYSE,Unknown,Unknown,,1026552
IVT,IVT,InvenTrust Properties Corp. Common Stock,NYSE,Unknown,Unknown,,1026024
NEXA,NEXA,Nexa Resources S.A. Common Shares,NYSE,Unknown,Unknown,,1025664
PAYC,PAYC,"Paycom Software, Inc. Common Stock",NYSE,Unknown,Unknown,,1022398
DNTH,DNTH,"Dianthus Therapeutics, Inc. - Common Stock",NASDAQ,Unknown,Unknown,,1021872
HOPE,HOPE,"Hope Bancorp, Inc. - Common Stock",NASDAQ,Unknown,Unknown,,1021414
DEC,DEC,Diversified Energy Company Common Stock,NYSE,Unknown,Unknown,,1017652
MAA,MAA,"Mid-America Apartment Communities, Inc. Common Stock",NYSE,Unknown,Unknown,,1016254
EPC,EPC,Edgewell Personal Care Company Common Stock,NYSE,Unknown,Unknown,,1016092
CRI,CRI,"Carter's, Inc. Common Stock",NYSE,Unknown,Unknown,,1015740
MOH,MOH,Molina Healthcare Inc Common Stock,NYSE,Unknown,Unknown,,1012792
BWXT,BWXT,"BWX Technologies, Inc. Common Stock",NYSE,Unknown,Unknown,,1009786
ETOR,ETOR,eToro Group Ltd. - Class A Common Shares,NASDAQ,Unknown,Unknown,,1006044
TENX,TENX,"Tenax Therapeutics, Inc. - Common Stock",NASDAQ,Unknown,Unknown,,1004808
GLIBK,GLIBK,Liberty Capital Corporation - Series C GCI Group Common Stock,NASDAQ,Unknown,Unknown,,1003734
OCFC,OCFC,OceanFirst Financial Corp. - Common Stock,NASDAQ,Unknown,Unknown,,1003074
DRTS,DRTS,Alpha Tau Medical Ltd. - Ordinary Shares,NASDAQ,Unknown,Unknown,,1002438
CON,CON,"Concentra Group Holdings Parent, Inc. Common Stock",NYSE,Unknown,Unknown,,1000212
APPN,APPN,Appian Corporation - Class A Common Stock,NASDAQ,Unknown,Unknown,,999892
BKH,BKH,Black Hills Corporation Common Stock,NYSE,Unknown,Unknown,,999654
RLI,RLI,RLI Corp. Common Stock (DE),NYSE,Unknown,Unknown,,998820
HLNE,HLNE,Hamilton Lane Incorporated - Class A Common Stock,NASDAQ,Unknown,Unknown,,996166
STNG,STNG,Scorpio Tankers Inc. Common Shares,NYSE,Unknown,Unknown,,996158
AXSM,AXSM,"Axsome Therapeutics, Inc. - Common Stock",NASDAQ,Unknown,Unknown,,995644
BYD,BYD,Boyd Gaming Corporation Common Stock,NYSE,Unknown,Unknown,,994918
ULS,ULS,UL Solutions Inc. Class A Common Stock,NYSE,Unknown,Unknown,,992032
PRKS,PRKS,United Parks & Resorts Inc. Common Stock,NYSE,Unknown,Unknown,,990106
AOSL,AOSL,Alpha and Omega Semiconductor Limited - Common Shares,NASDAQ,Unknown,Unknown,,989836
ARQQ,ARQQ,Arqit Quantum Inc. - Ordinary Shares,NASDAQ,Unknown,Unknown,,988578
HQY,HQY,"HealthEquity, Inc. - Common Stock",NASDAQ,Unknown,Unknown,,987132
FAF,FAF,First American Corporation (New) Common Stock,NYSE,Unknown,Unknown,,984576
CLDX,CLDX,"Celldex Therapeutics, Inc. - Common Stock",NASDAQ,Unknown,Unknown,,983408
AGRO,AGRO,Adecoagro S.A. Common Shares,NYSE,Unknown,Unknown,,983042
CHDN,CHDN,"Churchill Downs, Incorporated - Common Stock",NASDAQ,Unknown,Unknown,,981996
MRX,MRX,Marex Group plc - Ordinary Shares,NASDAQ,Unknown,Unknown,,981340
INGR,INGR,Ingredion Incorporated Common Stock,NYSE,Unknown,Unknown,,977834
JBHT,JBHT,"J.B. Hunt Transport Services, Inc. - Common Stock",NASDAQ,Unknown,Unknown,,976808
LXU,LXU,"LSB Industries, Inc. Common Stock",NYSE,Unknown,Unknown,,972340
DOV,DOV,Dover Corporation Common Stock,NYSE,Unknown,Unknown,,972030
FRT,FRT,Federal Realty Investment Trust Common Stock,NYSE,Unknown,Unknown,,971710
SBAC,SBAC,SBA Communications Corporation - Class A Common Stock,NASDAQ,Unknown,Unknown,,971200
SKYT,SKYT,"SkyWater Technology, Inc. - Common Stock",NASDAQ,Unknown,Unknown,,969914
HXL,HXL,Hexcel Corporation Common Stock,NYSE,Unknown,Unknown,,969892
ORA,ORA,"Ormat Technologies, Inc. Common Stock",NYSE,Unknown,Unknown,,966102
FDS,FDS,FactSet Research Systems Inc. Common Stock,NYSE,Unknown,Unknown,,964966
CVI,CVI,CVR Energy Inc. Common Stock,NYSE,Unknown,Unknown,,962854
MC,MC,Moelis & Company Class A Common Stock,NYSE,Unknown,Unknown,,962232
CEVA,CEVA,"CEVA, Inc. - Common Stock",NASDAQ,Unknown,Unknown,,961600
UE,UE,Urban Edge Properties Common Shares of Beneficial Interest,NYSE,Unknown,Unknown,,961350
ZWS,ZWS,Zurn Elkay Water Solutions Corporation Common Stock,NYSE,Unknown,Unknown,,958796
EZPW,EZPW,"EZCORP, Inc. - Class A Non-Voting Common Stock",NASDAQ,Unknown,Unknown,,957522
SOBO,SOBO,South Bow Corporation Common Shares,NYSE,Unknown,Unknown,,956876
SITE,SITE,"SiteOne Landscape Supply, Inc. Common Stock",NYSE,Unknown,Unknown,,956836
SMG,SMG,Scotts Miracle-Gro Company (The) Common Stock,NYSE,Unknown,Unknown,,955394
OR,OR,OR Royalties Inc. Common Shares,NYSE,Unknown,Unknown,,955170
EVER,EVER,"EverQuote, Inc. - Class A Common Stock",NASDAQ,Unknown,Unknown,,953642
SBCF,SBCF,Seacoast Banking Corporation of Florida - Common Stock,NASDAQ,Unknown,Unknown,,953036
NOC,NOC,Northrop Grumman Corporation Common Stock,NYSE,Unknown,Unknown,,952924
EWBC,EWBC,"East West Bancorp, Inc. - Common Stock",NASDAQ,Unknown,Unknown,,951646
TRMD,TRMD,TORM plc - Class A Common Stock,NASDAQ,Unknown,Unknown,,951482
XMTR,XMTR,"Xometry, Inc. - Class A Common Stock",NASDAQ,Unknown,Unknown,,951234
HAE,HAE,Haemonetics Corporation Common Stock,NYSE,Unknown,Unknown,,948888
OLED,OLED,Universal Display Corporation - Common Stock,NASDAQ,Unknown,Unknown,,948838
MGTX,MGTX,MeiraGTx Holdings plc - Ordinary Shares,NASDAQ,Unknown,Unknown,,948814
GILT,GILT,Gilat Satellite Networks Ltd. - Ordinary Shares,NASDAQ,Unknown,Unknown,,947898
ATRC,ATRC,"AtriCure, Inc. - Common Stock",NASDAQ,Unknown,Unknown,,947494
CECO,CECO,CECO Environmental Corp. - Common Stock,NASDAQ,Unknown,Unknown,,946784
CODI,CODI,D/B/A Compass Diversified Holdings Shares of Beneficial Interest,NYSE,Unknown,Unknown,,946664
NP,NP,Neptune Insurance Holdings Inc. Class A Common Stock,NYSE,Unknown,Unknown,,946574
UPBD,UPBD,"Upbound Group, Inc. - Common Stock",NASDAQ,Unknown,Unknown,,941996
GNRC,GNRC,Generac Holdlings Inc. Common Stock,NYSE,Unknown,Unknown,,941082
MMED,MMED,"MiniMed Group, Inc. - Common Stock",NASDAQ,Unknown,Unknown,,939338
DLB,DLB,Dolby Laboratories Common Stock,NYSE,Unknown,Unknown,,939050
DVA,DVA,DaVita Inc. Common Stock,NYSE,Unknown,Unknown,,938482
VAL,VAL,Valaris Limited Common Shares,NYSE,Unknown,Unknown,,937932
HWC,HWC,Hancock Whitney Corporation - Common Stock,NASDAQ,Unknown,Unknown,,936650
WKC,WKC,World Kinect Corporation Common Stock,NYSE,Unknown,Unknown,,935356
RH,RH,RH Common Stock,NYSE,Unknown,Unknown,,933722
WMS,WMS,"Advanced Drainage Systems, Inc. Common Stock",NYSE,Unknown,Unknown,,933024
TARS,TARS,"Tarsus Pharmaceuticals, Inc. - Common Stock",NASDAQ,Unknown,Unknown,,932954
HNRG,HNRG,Hallador Energy Company - Common Stock,NASDAQ,Unknown,Unknown,,932292
PAX,PAX,Patria Investments Limited - Class A Common Shares,NASDAQ,Unknown,Unknown,,932260
UBSI,UBSI,"United Bankshares, Inc. - Common Stock",NASDAQ,Unknown,Unknown,,931942
FFIN,FFIN,"First Financial Bankshares, Inc. - Common Stock",NASDAQ,Unknown,Unknown,,928768
FFBC,FFBC,First Financial Bancorp. - Common Stock,NASDAQ,Unknown,Unknown,,927534
RDNT,RDNT,"RadNet, Inc. - Common Stock",NASDAQ,Unknown,Unknown,,927378
TFSL,TFSL,TFS Financial Corporation - Common Stock,NASDAQ,Unknown,Unknown,,927078
PACS,PACS,"PACS Group, Inc. Common Stock",NYSE,Unknown,Unknown,,926024
L,L,Loews Corporation Common Stock,NYSE,Unknown,Unknown,,925246
PSA,PSA,Public Storage Common Stock,NYSE,Unknown,Unknown,,922676
MTH,MTH,Meritage Homes Corporation Common Stock,NYSE,Unknown,Unknown,,921368
TYRA,TYRA,"Tyra Biosciences, Inc. - Common Stock",NASDAQ,Unknown,Unknown,,919160
MPWR,MPWR,"Monolithic Power Systems, Inc. - Common Stock",NASDAQ,Unknown,Unknown,,918454
CLMT,CLMT,"Calumet, Inc - Common Stock",NASDAQ,Unknown,Unknown,,917856
JAZZ,JAZZ,Jazz Pharmaceuticals plc - Ordinary Shares,NASDAQ,Unknown,Unknown,,917066
WNC,WNC,Wabash National Corporation Common Stock,NYSE,Unknown,Unknown,,916982
ENSG,ENSG,"The Ensign Group, Inc. - Common Stock",NASDAQ,Unknown,Unknown,,915364
FDMT,FDMT,"4D Molecular Therapeutics, Inc. - Common Stock",NASDAQ,Unknown,Unknown,,913018
ACIW,ACIW,"ACI Worldwide, Inc. - Common Stock",NASDAQ,Unknown,Unknown,,912000
SA,SA,"Seabridge Gold, Inc. Common Shares New",NYSE,Unknown,Unknown,,907662
TRNO,TRNO,Terreno Realty Corporation Common Stock,NYSE,Unknown,Unknown,,905958
AVNT,AVNT,Avient Corporation Common Stock,NYSE,Unknown,Unknown,,905302
MEOH,MEOH,Methanex Corporation - Common Stock,NASDAQ,Unknown,Unknown,,904624
LIND,LIND,Lindblad Expeditions Holdings Inc.  - Common Stock,NASDAQ,Unknown,Unknown,,904618
SIG,SIG,Signet Jewelers Limited Common Shares,NYSE,Unknown,Unknown,,904564
PSUS,PSUS,"Pershing Square USA, Ltd. Common Shares",NYSE,Unknown,Unknown,,903068
SLGN,SLGN,Silgan Holdings Inc. Common Stock,NYSE,Unknown,Unknown,,902392
UCB,UCB,"United Community Banks, Inc. Common Stock",NYSE,Unknown,Unknown,,901342
QTTB,QTTB,Q32 Bio Inc. - Common Stock,NASDAQ,Unknown,Unknown,,899614
CRL,CRL,"Charles River Laboratories International, Inc. Common Stock",NYSE,Unknown,Unknown,,896800
H,H,Hyatt Hotels Corporation Class A Common Stock,NYSE,Unknown,Unknown,,896010
MRTN,MRTN,"Marten Transport, Ltd. - Common Stock",NASDAQ,Unknown,Unknown,,894532
DPZ,DPZ,Domino's Pizza Inc - Common Stock,NASDAQ,Unknown,Unknown,,891206
FVRR,FVRR,"Fiverr International Ltd. Ordinary Shares, no par value",NYSE,Unknown,Unknown,,890516
KTB,KTB,"Kontoor Brands, Inc. Common Stock ",NYSE,Unknown,Unknown,,890136
PDFS,PDFS,"PDF Solutions, Inc. - Common Stock",NASDAQ,Unknown,Unknown,,888662
WAB,WAB,Westinghouse Air Brake Technologies Corporation Common Stock,NYSE,Unknown,Unknown,,888422
TTC,TTC,Toro Company (The) Common Stock,NYSE,Unknown,Unknown,,887274
HROW,HROW,"Harrow, Inc. - Common Stock",NASDAQ,Unknown,Unknown,,885860
INMD,INMD,InMode Ltd.  - Ordinary Shares,NASDAQ,Unknown,Unknown,,884810
HCC,HCC,"Warrior Met Coal, Inc. Common Stock",NYSE,Unknown,Unknown,,884062
ESNT,ESNT,Essent Group Ltd. Common Shares,NYSE,Unknown,Unknown,,882744
POST,POST,"Post Holdings, Inc. Common Stock",NYSE,Unknown,Unknown,,879578
GVA,GVA,Granite Construction Incorporated Common Stock,NYSE,Unknown,Unknown,,879500
QTWO,QTWO,"Q2 Holdings, Inc. Common Stock",NYSE,Unknown,Unknown,,878706
INVA,INVA,"Innoviva, Inc. - Common Stock",NASDAQ,Unknown,Unknown,,878560
LMRI,LMRI,"Lumexa Imaging Holdings, Inc. - Common Stock",NASDAQ,Unknown,Unknown,,878046
BBNX,BBNX,"Beta Bionics, Inc. - Common Stock",NASDAQ,Unknown,Unknown,,877916
OCC,OCC,Optical Cable Corporation - Common Stock,NASDAQ,Unknown,Unknown,,877734
GENB,GENB,"Generate Biomedicines, Inc. - Common Stock",NASDAQ,Unknown,Unknown,,877512
MLKN,MLKN,"MillerKnoll, Inc. - Common Stock",NASDAQ,Unknown,Unknown,,877004
VICR,VICR,Vicor Corporation - Common Stock,NASDAQ,Unknown,Unknown,,875438
RRR,RRR,"Red Rock Resorts, Inc. - Class A Common Stock",NASDAQ,Unknown,Unknown,,874944
MBX,MBX,"MBX Biosciences, Inc. - Common Stock",NASDAQ,Unknown,Unknown,,873882
LEU,LEU,Centrus Energy Corp. Class A Common Stock,NYSE,Unknown,Unknown,,873604
SNX,SNX,TD SYNNEX Corporation Common Stock,NYSE,Unknown,Unknown,,870846
PII,PII,Polaris Inc. Common Stock,NYSE,Unknown,Unknown,,870702
CLB,CLB,Core Laboratories Inc. Common Stock,NYSE,Unknown,Unknown,,870242
CYRX,CYRX,"CryoPort, Inc. - Common Stock",NASDAQ,Unknown,Unknown,,869828
MMSI,MMSI,"Merit Medical Systems, Inc. - Common Stock",NASDAQ,Unknown,Unknown,,869756
PSO,PSO,"Pearson, Plc Common Stock",NYSE,Unknown,Unknown,,867416
SNEX,SNEX,StoneX Group Inc. - Common Stock,NASDAQ,Unknown,Unknown,,866940
RYTM,RYTM,"Rhythm Pharmaceuticals, Inc. - Common Stock",NASDAQ,Unknown,Unknown,,866376
XHR,XHR,"Xenia Hotels & Resorts, Inc. Common Stock",NYSE,Unknown,Unknown,,865882
ITT,ITT,ITT Inc. Common Stock ,NYSE,Unknown,Unknown,,865732
MD,MD,"Pediatrix Medical Group, Inc. Common Stock",NYSE,Unknown,Unknown,,865458
AORT,AORT,"Artivion, Inc. Common Stock",NYSE,Unknown,Unknown,,863580
FNV,FNV,Franco-Nevada Corporation,NYSE,Unknown,Unknown,,862708
KYMR,KYMR,"Kymera Therapeutics, Inc. - Common Stock",NASDAQ,Unknown,Unknown,,860484
STE,STE,STERIS plc (Ireland) Ordinary Shares,NYSE,Unknown,Unknown,,858954
BKV,BKV,BKV Corporation Common Stock,NYSE,Unknown,Unknown,,858332
BBT,BBT,Beacon Financial Corporation Common stock,NYSE,Unknown,Unknown,,855582
CRC,CRC,California Resources Corporation Common Stock,NYSE,Unknown,Unknown,,854612
TYL,TYL,"Tyler Technologies, Inc. Common Stock",NYSE,Unknown,Unknown,,854502
SKE,SKE,Skeena Resources Limited Common Shares,NYSE,Unknown,Unknown,,854384
XNCR,XNCR,"Xencor, Inc. - Common Stock",NASDAQ,Unknown,Unknown,,852766
TLN,TLN,Talen Energy Corporation - Common Stock,NASDAQ,Unknown,Unknown,,852590
FCPT,FCPT,"Four Corners Property Trust, Inc. Common Stock",NYSE,Unknown,Unknown,,852582
BOT,BOT,"RoboStrategy, Inc. - Common Stock",NASDAQ,Unknown,Unknown,,845919
CNO,CNO,"CNO Financial Group, Inc. Common Stock",NYSE,Unknown,Unknown,,845498
DGX,DGX,Quest Diagnostics Incorporated Common Stock,NYSE,Unknown,Unknown,,845098
WWD,WWD,"Woodward, Inc. - Common Stock",NASDAQ,Unknown,Unknown,,843058
BLKB,BLKB,"Blackbaud, Inc. - Common Stock",NASDAQ,Unknown,Unknown,,841650
CAE,CAE,CAE Inc. Ordinary Shares,NYSE,Unknown,Unknown,,840404
CDNA,CDNA,"CareDx, Inc. - Common Stock",NASDAQ,Unknown,Unknown,,838932
STAA,STAA,STAAR Surgical Company - Common Stock,NASDAQ,Unknown,Unknown,,837526
TNL,TNL,Travel   Leisure Co. Common  Stock,NYSE,Unknown,Unknown,,836318
LOAR,LOAR,Loar Holdings Inc. Common Stock,NYSE,Unknown,Unknown,,835880
OSW,OSW,OneSpaWorld Holdings Limited - Common Shares,NASDAQ,Unknown,Unknown,,834322
BURL,BURL,"Burlington Stores, Inc. Common Stock",NYSE,Unknown,Unknown,,834222
FG,FG,"F&G Annuities & Life, Inc. Common Stock",NYSE,Unknown,Unknown,,833150
ROK,ROK,"Rockwell Automation, Inc. Common Stock",NYSE,Unknown,Unknown,,833086
SDRL,SDRL,Seadrill Limited Common Shares,NYSE,Unknown,Unknown,,831900
SKY,SKY,"Champion Homes, Inc. Common Stock",NYSE,Unknown,Unknown,,831264
GRMN,GRMN,Garmin Ltd. Common Stock (Switzerland),NYSE,Unknown,Unknown,,831222
QNST,QNST,"QuinStreet, Inc. - Common Stock",NASDAQ,Unknown,Unknown,,829692
MHK,MHK,"Mohawk Industries, Inc. Common Stock",NYSE,Unknown,Unknown,,829540
NFG,NFG,National Fuel Gas Company Common Stock,NYSE,Unknown,Unknown,,829474
EVMN,EVMN,"Evommune, Inc. Common Stock",NYSE,Unknown,Unknown,,829352
SUPN,SUPN,"Supernus Pharmaceuticals, Inc. - Common Stock",NASDAQ,Unknown,Unknown,,825430
QLYS,QLYS,"Qualys, Inc. - Common Stock",NASDAQ,Unknown,Unknown,,825182
ATRO,ATRO,Astronics Corporation - Common Stock,NASDAQ,Unknown,Unknown,,824889
VRSN,VRSN,"VeriSign, Inc. - Common Stock",NASDAQ,Unknown,Unknown,,821032
BLFS,BLFS,"BioLife Solutions, Inc. - Common Stock",NASDAQ,Unknown,Unknown,,820074
LIVN,LIVN,LivaNova PLC - Ordinary Shares,NASDAQ,Unknown,Unknown,,819568
CARS,CARS,Cars.com Inc. Common Stock ,NYSE,Unknown,Unknown,,817084
CBZ,CBZ,"CBIZ, Inc. Common Stock",NYSE,Unknown,Unknown,,816556
SPNT,SPNT,SiriusPoint Ltd. Common Shares,NYSE,Unknown,Unknown,,813104
PCTY,PCTY,Paylocity Holding Corporation - Common Stock,NASDAQ,Unknown,Unknown,,812350
CHRD,CHRD,Chord Energy Corporation - Common Stock,NASDAQ,Unknown,Unknown,,810286
TDW,TDW,Tidewater Inc. Common Stock,NYSE,Unknown,Unknown,,809818
LRN,LRN,"Stride, Inc. Common Stock",NYSE,Unknown,Unknown,,809304
NSA,NSA,National Storage Affiliates Trust Common Shares of Beneficial Interest,NYSE,Unknown,Unknown,,806800
ULTA,ULTA,"Ulta Beauty, Inc. - Common Stock",NASDAQ,Unknown,Unknown,,806450
STRL,STRL,"Sterling Infrastructure, Inc. - Common Stock",NASDAQ,Unknown,Unknown,,805330
FLOC,FLOC,Flowco Holdings Inc. Class A Common Stock,NYSE,Unknown,Unknown,,805232
RPM,RPM,RPM International Inc. Common Stock,NYSE,Unknown,Unknown,,803230
HLI,HLI,"Houlihan Lokey, Inc. Class A Common Stock",NYSE,Unknown,Unknown,,802636
MTN,MTN,"Vail Resorts, Inc. Common Stock",NYSE,Unknown,Unknown,,801200
OCS,OCS,Oculis Holding AG - Ordinary shares,NASDAQ,Unknown,Unknown,,800890
WTW,WTW,Willis Towers Watson Public Limited Company - Ordinary Shares,NASDAQ,Unknown,Unknown,,800764
URGN,URGN,UroGen Pharma Ltd. - Ordinary Shares,NASDAQ,Unknown,Unknown,,800486
APAM,APAM,Artisan Partners Asset Management Inc. Class A Common Stock,NYSE,Unknown,Unknown,,799670
BMO,BMO,Bank Of Montreal Common Stock,NYSE,Unknown,Unknown,,799522
CVLT,CVLT,"Commvault Systems, Inc. - Common Stock",NASDAQ,Unknown,Unknown,,798076
AMBQ,AMBQ,"Ambiq Micro, Inc. Common Stock",NYSE,Unknown,Unknown,,797052
SPXC,SPXC,"SPX Technologies, Inc. Common Stock",NYSE,Unknown,Unknown,,795414
HRMY,HRMY,"Harmony Biosciences Holdings, Inc. - Common Stock",NASDAQ,Unknown,Unknown,,795314
CINF,CINF,Cincinnati Financial Corporation - Common Stock,NASDAQ,Unknown,Unknown,,794656
BKU,BKU,"BankUnited, Inc. Common Stock",NYSE,Unknown,Unknown,,793244
WST,WST,"West Pharmaceutical Services, Inc. Common Stock",NYSE,Unknown,Unknown,,790818
MSM,MSM,"MSC Industrial Direct Company, Inc. Common Stock",NYSE,Unknown,Unknown,,789820
WGO,WGO,"Winnebago Industries, Inc. Common Stock",NYSE,Unknown,Unknown,,789440
SSB,SSB,SouthState Bank Corporation Common Stock,NYSE,Unknown,Unknown,,787480
THO,THO,"Thor Industries, Inc. Common Stock",NYSE,Unknown,Unknown,,787078
MMS,MMS,"Maximus, Inc. Common Stock",NYSE,Unknown,Unknown,,786714
PH,PH,Parker-Hannifin Corporation Common Stock,NYSE,Unknown,Unknown,,785398
PRGS,PRGS,Progress Software Corporation - Common Stock,NASDAQ,Unknown,Unknown,,784768
BLLN,BLLN,"BillionToOne, Inc. - Class A common stock",NASDAQ,Unknown,Unknown,,782970
HUBG,HUBG,"Hub Group, Inc. - Class A Common Stock",NASDAQ,Unknown,Unknown,,782544
LIF,LIF,"Life360, Inc. - Common Stock",NASDAQ,Unknown,Unknown,,781668
NHP,NHP,"National Healthcare Properties, Inc. - Class A Common Stock",NASDAQ,Unknown,Unknown,,781294
ZBIO,ZBIO,"Zenas BioPharma, Inc. - Common Stock",NASDAQ,Unknown,Unknown,,780982
HNI,HNI,HNI Corporation Common Stock,NYSE,Unknown,Unknown,,780874
DFH,DFH,"Dream Finders Homes, Inc. Class A Common Stock",NYSE,Unknown,Unknown,,780154
CCRN,CCRN,"Cross Country Healthcare, Inc. - Common Stock",NASDAQ,Unknown,Unknown,,779448
KNSA,KNSA,"Kiniksa Pharmaceuticals International, plc - Class A Ordinary Shares",NASDAQ,Unknown,Unknown,,779230
FUL,FUL,H. B. Fuller Company Common Stock,NYSE,Unknown,Unknown,,778086
CALM,CALM,"Cal-Maine Foods, Inc. - Common Stock",NASDAQ,Unknown,Unknown,,777984
TRN,TRN,"Trinity Industries, Inc. Common Stock",NYSE,Unknown,Unknown,,773146
OSK,OSK,Oshkosh Corporation (Holding Company)Common Stock,NYSE,Unknown,Unknown,,772760
AVA,AVA,Avista Corporation Common Stock,NYSE,Unknown,Unknown,,771228
RNST,RNST,Renasant Corporation Common Stock,NYSE,Unknown,Unknown,,769726
BUSE,BUSE,First Busey Corporation - Common Stock,NASDAQ,Unknown,Unknown,,769720
WHD,WHD,"Cactus, Inc. Class A Common Stock",NYSE,Unknown,Unknown,,769288
NSP,NSP,"Insperity, Inc. Common Stock",NYSE,Unknown,Unknown,,768870
CLPT,CLPT,ClearPoint Neuro Inc. - Common Stock,NASDAQ,Unknown,Unknown,,767866
NATL,NATL,NCR Atleos Corporation Common Stock,NYSE,Unknown,Unknown,,766854
TSLX,TSLX,"Sixth Street Specialty Lending, Inc. Common Stock",NYSE,Unknown,Unknown,,765984
HQ,HQ,Horizon Quantum Holdings Ltd. - Class A Ordinary Shares,NASDAQ,Unknown,Unknown,,765696
KOD,KOD,Kodiak Sciences Inc - Common Stock,NASDAQ,Unknown,Unknown,,762824
DCI,DCI,"Donaldson Company, Inc. Common Stock",NYSE,Unknown,Unknown,,762386
CRS,CRS,Carpenter Technology Corporation Common Stock,NYSE,Unknown,Unknown,,761212
GCT,GCT,GigaCloud Technology Inc - Class A Ordinary Shares,NASDAQ,Unknown,Unknown,,760838
STOK,STOK,"Stoke Therapeutics, Inc. - Common Stock",NASDAQ,Unknown,Unknown,,759330
ASND,ASND,Ascendis Pharma A/S - Ordinary Share,NASDAQ,Unknown,Unknown,,758928
PBH,PBH,Prestige Consumer Healthcare Inc. Common Stock,NYSE,Unknown,Unknown,,758066
SNDA,SNDA,"Sonida Senior Living, Inc. Common Stock",NYSE,Unknown,Unknown,,756960
PSIX,PSIX,"Power Solutions International, Inc. - Common Stock",NASDAQ,Unknown,Unknown,,756450
KLRA,KLRA,"Kailera Therapeutics, Inc. - Common stock",NASDAQ,Unknown,Unknown,,753924
CBC,CBC,"Central Bancompany, Inc. - Class A Common Stock",NASDAQ,Unknown,Unknown,,753794
POWL,POWL,"Powell Industries, Inc. - Common Stock",NASDAQ,Unknown,Unknown,,750154
UMBF,UMBF,UMB Financial Corporation - Common Stock,NASDAQ,Unknown,Unknown,,749386
SPHR,SPHR,Sphere Entertainment Co. Class A Common Stock,NYSE,Unknown,Unknown,,747536
RGLD,RGLD,"Royal Gold, Inc. - Common Stock",NASDAQ,Unknown,Unknown,,746670
BOOT,BOOT,"Boot Barn Holdings, Inc. Common Stock",NYSE,Unknown,Unknown,,746454
FHI,FHI,"Federated Hermes, Inc. Common Stock",NYSE,Unknown,Unknown,,744928
SWBI,SWBI,"Smith & Wesson Brands, Inc. - Common Stock",NASDAQ,Unknown,Unknown,,743926
AGCO,AGCO,AGCO Corporation Common Stock,NYSE,Unknown,Unknown,,740982
BCAX,BCAX,Bicara Therapeutics Inc. - Common Stock,NASDAQ,Unknown,Unknown,,740500
PRAA,PRAA,"PRA Group, Inc. - Common Stock",NASDAQ,Unknown,Unknown,,735122
ARW,ARW,"Arrow Electronics, Inc. Common Stock",NYSE,Unknown,Unknown,,735042
CWST,CWST,"Casella Waste Systems, Inc. - Class A Common Stock",NASDAQ,Unknown,Unknown,,733106
SMX,SMX,SMX (Security Matters) Public Limited Company - Ordinary Shares,NASDAQ,Unknown,Unknown,,733064
PTGX,PTGX,"Protagonist Therapeutics, Inc. - Common Stock",NASDAQ,Unknown,Unknown,,731366
RL,RL,Ralph Lauren Corporation Common Stock,NYSE,Unknown,Unknown,,729736
BLK,BLK,"BlackRock, Inc. Common Stock",NYSE,Unknown,Unknown,,729346
BV,BV,"BrightView Holdings, Inc. Common Stock",NYSE,Unknown,Unknown,,728302
MKTX,MKTX,"MarketAxess Holdings, Inc. - Common Stock",NASDAQ,Unknown,Unknown,,728246
EEFT,EEFT,"Euronet Worldwide, Inc. - Common Stock",NASDAQ,Unknown,Unknown,,727652
TBBB,TBBB,BBB Foods Inc. Class A Common Shares,NYSE,Unknown,Unknown,,727574
DTM,DTM,"DT Midstream, Inc. Common Stock ",NYSE,Unknown,Unknown,,724930
ESAB,ESAB,ESAB Corporation Common Stock,NYSE,Unknown,Unknown,,724918
BBAR,BBAR,Banco BBVA Argentina S.A. ADS,NYSE,Unknown,Unknown,,724300
GRAL,GRAL,"GRAIL, Inc. - Common Stock",NASDAQ,Unknown,Unknown,,723984
UMH,UMH,"UMH Properties, Inc. Common Stock",NYSE,Unknown,Unknown,,723346
AVY,AVY,Avery Dennison Corporation Common Stock,NYSE,Unknown,Unknown,,722672
MAIN,MAIN,Main Street Capital Corporation Common Stock,NYSE,Unknown,Unknown,,720744
FTS,FTS,Fortis Inc. Common Shares,NYSE,Unknown,Unknown,,720164
CNR,CNR,"Core Natural Resources, Inc. Common Stock",NYSE,Unknown,Unknown,,719398
MAX,MAX,"MediaAlpha, Inc. Class A Common Stock",NYSE,Unknown,Unknown,,718696
LPG,LPG,Dorian LPG Ltd. Common Stock,NYSE,Unknown,Unknown,,716910
ONT,ONT,"Onterris, Inc. Common Stock",NYSE,Unknown,Unknown,,715510
ASC,ASC,Ardmore Shipping Corporation Common Stock,NYSE,Unknown,Unknown,,714674
DIOD,DIOD,Diodes Incorporated - Common Stock,NASDAQ,Unknown,Unknown,,713546
ALV,ALV,"Autoliv, Inc. Common Stock",NYSE,Unknown,Unknown,,712196
SIBN,SIBN,"SI-BONE, Inc. - Common Stock",NASDAQ,Unknown,Unknown,,710462
IEX,IEX,IDEX Corporation Common Stock,NYSE,Unknown,Unknown,,709748
KYIV,KYIV,Kyivstar Group Ltd. - Common Shares,NASDAQ,Unknown,Unknown,,709502
MIDD,MIDD,The Middleby Corporation - Common Stock,NASDAQ,Unknown,Unknown,,708204
FCF,FCF,First Commonwealth Financial Corporation Common Stock,NYSE,Unknown,Unknown,,707992
OGS,OGS,"ONE Gas, Inc. Common Stock",NYSE,Unknown,Unknown,,707214
MRCY,MRCY,Mercury Systems Inc - Common Stock,NASDAQ,Unknown,Unknown,,707014
TFPM,TFPM,Triple Flag Precious Metals Corp. Common Shares,NYSE,Unknown,Unknown,,705032
EVTC,EVTC,"Evertec, Inc. Common Stock",NYSE,Unknown,Unknown,,703190
ELMT,ELMT,The Elmet Group Co. - Common Stock,NASDAQ,Unknown,Unknown,,698418
ZYME,ZYME,Zymeworks Inc. - Common Stock,NASDAQ,Unknown,Unknown,,697616
LCLN,LCLN,"Lincoln International, Inc. Class A Common Stock",NYSE,Unknown,Unknown,,696065
CHH,CHH,"Choice Hotels International, Inc. Common Stock",NYSE,Unknown,Unknown,,695376
ITRI,ITRI,"Itron, Inc. - Common Stock",NASDAQ,Unknown,Unknown,,693680
BCAT,BCAT,BlackRock Capital Allocation Term Trust Common Shares of Beneficial Interest,NYSE,Unknown,Unknown,,690686
FFIV,FFIV,"F5, Inc. - Common Stock",NASDAQ,Unknown,Unknown,,689844
NJR,NJR,NewJersey Resources Corporation Common Stock,NYSE,Unknown,Unknown,,688460
LAMR,LAMR,Lamar Advertising Company - Class A Common Stock,NASDAQ,Unknown,Unknown,,688014
UNFI,UNFI,"United Natural Foods, Inc. Common Stock",NYSE,Unknown,Unknown,,687350
HUBB,HUBB,Hubbell Inc Common Stock,NYSE,Unknown,Unknown,,687039
CIM,CIM,Chimera Investment Corporation Common Stock,NYSE,Unknown,Unknown,,686590
BFH,BFH,"Bread Financial Holdings, Inc. Common Stock",NYSE,Unknown,Unknown,,686560
BVS,BVS,Bioventus Inc. - Class A Common Stock,NASDAQ,Unknown,Unknown,,685784
SMA,SMA,"SmartStop Self Storage REIT, Inc. Common Stock",NYSE,Unknown,Unknown,,684928
HEI,HEI,Heico Corporation Common Stock,NYSE,Unknown,Unknown,,683746
NHI,NHI,"National Health Investors, Inc. Common Stock",NYSE,Unknown,Unknown,,682492
AMP,AMP,"Ameriprise Financial, Inc. Common Stock",NYSE,Unknown,Unknown,,682412
ALH,ALH,Alliance Laundry Holdings Inc. Common Stock,NYSE,Unknown,Unknown,,681204
SLF,SLF,Sun Life Financial Inc. Common Stock,NYSE,Unknown,Unknown,,680846
AXS,AXS,Axis Capital Holdings Limited Common Stock,NYSE,Unknown,Unknown,,680240
SEZL,SEZL,Sezzle Inc. - Common Stock,NASDAQ,Unknown,Unknown,,679968
BZH,BZH,"Beazer Homes USA, Inc. Common Stock",NYSE,Unknown,Unknown,,679608
SPSC,SPSC,"SPS Commerce, Inc. - Common Stock",NASDAQ,Unknown,Unknown,,679064
PUBM,PUBM,"PubMatic, Inc. - Class A Common Stock",NASDAQ,Unknown,Unknown,,676398
IDXX,IDXX,"IDEXX Laboratories, Inc. - Common Stock",NASDAQ,Unknown,Unknown,,675458
ECG,ECG,"Everus Construction Group, Inc. Common Stock",NYSE,Unknown,Unknown,,675400
MSCI,MSCI,MSCI Inc. Common Stock,NYSE,Unknown,Unknown,,674932
PKG,PKG,Packaging Corporation of America Common Stock,NYSE,Unknown,Unknown,,674796
SEIC,SEIC,SEI Investments Company - Common Stock,NASDAQ,Unknown,Unknown,,674322
VCEL,VCEL,Vericel Corporation - Common Stock,NASDAQ,Unknown,Unknown,,674296
TRAX,TRAX,"First Tracks Biotherapeutics, Inc. - Ordinary Shares",NASDAQ,Unknown,Unknown,,673538
NTCT,NTCT,"NetScout Systems, Inc. - Common Stock",NASDAQ,Unknown,Unknown,,672278
RHP,RHP,"Ryman Hospitality Properties, Inc. (REIT)",NYSE,Unknown,Unknown,,672140
CAL,CAL,"Caleres, Inc. Common Stock",NYSE,Unknown,Unknown,,671022
ACLS,ACLS,"Axcelis Technologies, Inc. - Common Stock",NASDAQ,Unknown,Unknown,,670414
HCSG,HCSG,"Healthcare Services Group, Inc. - Common Stock",NASDAQ,Unknown,Unknown,,669404
ALGT,ALGT,Allegiant Travel Company - Common Stock,NASDAQ,Unknown,Unknown,,668876
CDNL,CDNL,Cardinal Infrastructure Group Inc. - Class A Common Stock,NASDAQ,Unknown,Unknown,,667116
CSWC,CSWC,Capital Southwest Corporation - Common Stock,NASDAQ,Unknown,Unknown,,666754
OMCL,OMCL,"Omnicell, Inc. - Common Stock",NASDAQ,Unknown,Unknown,,666598
EPR,EPR,EPR Properties Common Stock,NYSE,Unknown,Unknown,,665466
ROAD,ROAD,"Construction Partners, Inc. - Common Stock",NASDAQ,Unknown,Unknown,,663300
LH,LH,Labcorp Holdings Inc. Common Stock,NYSE,Unknown,Unknown,,663172
CMP,CMP,Compass Minerals Intl Inc Common Stock,NYSE,Unknown,Unknown,,660488
AAUC,AAUC,Allied Gold Corporation Common Shares,NYSE,Unknown,Unknown,,659310
ESTA,ESTA,Establishment Labs Holdings Inc. - Common Shares,NASDAQ,Unknown,Unknown,,659112
AMPH,AMPH,"Amphastar Pharmaceuticals, Inc. - Common Stock",NASDAQ,Unknown,Unknown,,658042
BC,BC,Brunswick Corporation Common Stock,NYSE,Unknown,Unknown,,656802
PATK,PATK,"Patrick Industries, Inc. - Common Stock",NASDAQ,Unknown,Unknown,,653972
JXN,JXN,Jackson Financial Inc. Class A Common Stock ,NYSE,Unknown,Unknown,,652488
WCC,WCC,"WESCO International, Inc. Common Stock",NYSE,Unknown,Unknown,,651602
MAZE,MAZE,"Maze Therapeutics, Inc. - Common Stock",NASDAQ,Unknown,Unknown,,651552
ZD,ZD,"Ziff Davis, Inc. - Common Stock",NASDAQ,Unknown,Unknown,,651536
LEA,LEA,Lear Corporation Common Stock,NYSE,Unknown,Unknown,,649598
PRDO,PRDO,Perdoceo Education Corporation - Common Stock,NASDAQ,Unknown,Unknown,,649444
MANE,MANE,"Veradermics, Incorporated Common Stock",NYSE,Unknown,Unknown,,648848
FTDR,FTDR,"Frontdoor, Inc. - Common Stock",NASDAQ,Unknown,Unknown,,643880
PIPR,PIPR,Piper Sandler Companies Common Stock,NYSE,Unknown,Unknown,,643510
CPAY,CPAY,"Corpay, Inc. Common Stock",NYSE,Unknown,Unknown,,640540
RACE,RACE,Ferrari N.V. Common Shares,NYSE,Unknown,Unknown,,639784
MANH,MANH,"Manhattan Associates, Inc. - Common Stock",NASDAQ,Unknown,Unknown,,633672
KEX,KEX,Kirby Corporation Common Stock,NYSE,Unknown,Unknown,,632136
COKE,COKE,"Coca-Cola Consolidated, Inc. - Common Stock",NASDAQ,Unknown,Unknown,,632050
NMIH,NMIH,NMI Holdings Inc - Common Stock,NASDAQ,Unknown,Unknown,,631546
MAMA,MAMA,"Mama's Creations, Inc. - Common Stock",NASDAQ,Unknown,Unknown,,630548
HELE,HELE,Helen of Troy Limited - Common Stock,NASDAQ,Unknown,Unknown,,630492
VVX,VVX,"V2X, Inc. Common Stock",NYSE,Unknown,Unknown,,629940
ETD,ETD,Ethan Allen Interiors Inc. Common Stock,NYSE,Unknown,Unknown,,626256
IRON,IRON,"Disc Medicine, Inc. - Common Stock",NASDAQ,Unknown,Unknown,,625138
ANAB,ANAB,"AnaptysBio, Inc. - Common Stock",NASDAQ,Unknown,Unknown,,624536
SITM,SITM,SiTime Corporation - Common Stock,NASDAQ,Unknown,Unknown,,624358
TFX,TFX,Teleflex Incorporated Common Stock,NYSE,Unknown,Unknown,,624048
VPG,VPG,"Vishay Precision Group, Inc. Common Stock",NYSE,Unknown,Unknown,,622492
CRUS,CRUS,"Cirrus Logic, Inc. - Common Stock",NASDAQ,Unknown,Unknown,,621014
AMRC,AMRC,"Ameresco, Inc. Class A Common Stock",NYSE,Unknown,Unknown,,618388
GL,GL,Globe Life Inc. Common Stock,NYSE,Unknown,Unknown,,616922
TK,TK,Teekay Corporation Ltd. Common Stock,NYSE,Unknown,Unknown,,615948
INSW,INSW,"International Seaways, Inc. Common Stock ",NYSE,Unknown,Unknown,,614768
DMRA,DMRA,"Damora Therapeutics, Inc. - Common Stock",NASDAQ,Unknown,Unknown,,613912
ABX,ABX,"Abacus Global Management, Inc. Class A Common Stock",NYSE,Unknown,Unknown,,612784
TOWN,TOWN,Towne Bank - Common Stock,NASDAQ,Unknown,Unknown,,610316
IRTC,IRTC,"iRhythm Holdings, Inc.  - Common Stock",NASDAQ,Unknown,Unknown,,607192
TILE,TILE,"Interface, Inc. - Common Stock",NASDAQ,Unknown,Unknown,,607118
EQIX,EQIX,"Equinix, Inc. - Common Stock",NASDAQ,Unknown,Unknown,,606996
ACA,ACA,"Arcosa, Inc. Common Stock ",NYSE,Unknown,Unknown,,605992
DAVE,DAVE,Dave Inc.  - Class A Common Stock,NASDAQ,Unknown,Unknown,,605510
BDC,BDC,Belden Inc Common Stock,NYSE,Unknown,Unknown,,605218
ASTH,ASTH,Astrana Health Inc. - Common Stock,NASDAQ,Unknown,Unknown,,605008
HTLD,HTLD,"Heartland Express, Inc. - Common Stock",NASDAQ,Unknown,Unknown,,604384
MLM,MLM,"Martin Marietta Materials, Inc. Common Stock",NYSE,Unknown,Unknown,,604106
GIII,GIII,"G-III Apparel Group, LTD. - Common Stock",NASDAQ,Unknown,Unknown,,602030
QUIK,QUIK,QuickLogic Corporation - Common Stock,NASDAQ,Unknown,Unknown,,601236
SWMR,SWMR,"Swarmer, Inc - common stock",NASDAQ,Unknown,Unknown,,601134
IDA,IDA,"IDACORP, Inc. Common Stock",NYSE,Unknown,Unknown,,600384
CFR,CFR,"Cullen/Frost Bankers, Inc. Common Stock",NYSE,Unknown,Unknown,,598546
DY,DY,"Dycom Industries, Inc. Common Stock",NYSE,Unknown,Unknown,,597912
VC,VC,Visteon Corporation - Common Stock,NASDAQ,Unknown,Unknown,,596378
IMXI,IMXI,"International Money Express, Inc. - Common Stock",NASDAQ,Unknown,Unknown,,594230
EXPO,EXPO,"Exponent, Inc. - Common Stock",NASDAQ,Unknown,Unknown,,593788
ABM,ABM,ABM Industries Incorporated Common Stock,NYSE,Unknown,Unknown,,591866
WEX,WEX,WEX Inc. common stock,NYSE,Unknown,Unknown,,591594
FOXF,FOXF,Fox Factory Holding Corp. - Common Stock,NASDAQ,Unknown,Unknown,,591116
SR,SR,Spire Inc. Common Stock,NYSE,Unknown,Unknown,,588578
KNF,KNF,Knife Riv Holding Co. Common Stock,NYSE,Unknown,Unknown,,588004
JBGS,JBGS,JBG SMITH Properties Common Shares ,NYSE,Unknown,Unknown,,587860
WSR,WSR,Whitestone REIT Common Shares,NYSE,Unknown,Unknown,,587722
CUE,CUE,"Cue Biopharma, Inc. - Common Stock",NASDAQ,Unknown,Unknown,,586282
LZB,LZB,La-Z-Boy Incorporated Common Stock,NYSE,Unknown,Unknown,,586050
SAIC,SAIC,Science Applications International Corporation - Common Stock,NASDAQ,Unknown,Unknown,,584878
TEO,TEO,Telecom Argentina SA,NYSE,Unknown,Unknown,,584258
MELI,MELI,"MercadoLibre, Inc. - Common Stock",NASDAQ,Unknown,Unknown,,582102
NSIT,NSIT,"Insight Enterprises, Inc. - Common Stock",NASDAQ,Unknown,Unknown,,580652
SVCO,SVCO,"Silvaco Group, Inc. - Common Stock",NASDAQ,Unknown,Unknown,,579956
CNA,CNA,CNA Financial Corporation Common Stock,NYSE,Unknown,Unknown,,579776
TBPH,TBPH,"Theravance Biopharma, Inc. - Ordinary Shares",NASDAQ,Unknown,Unknown,,578606
TPC,TPC,Tutor Perini Corporation Common Stock,NYSE,Unknown,Unknown,,577586
JBTM,JBTM,JBT Marel Corporation Common Stock,NYSE,Unknown,Unknown,,576884
CASY,CASY,"Caseys General Stores, Inc. - Common Stock",NASDAQ,Unknown,Unknown,,576474
EDU,EDU,"New Oriental Education & Technology Group, Inc. Sponsored ADR representing 10 Ordinary Share (Cayman Islands)",NYSE,Unknown,Unknown,,574740
CNMD,CNMD,CONMED Corporation Common Stock,NYSE,Unknown,Unknown,,573104
PFSI,PFSI,"PennyMac Financial Services, Inc. Common Stock",NYSE,Unknown,Unknown,,573012
HRI,HRI,Herc Holdings Inc. Common Stock ,NYSE,Unknown,Unknown,,571000
NOVT,NOVT,Novanta Inc. - Common Shares,NASDAQ,Unknown,Unknown,,568912
MEC,MEC,"Mayville Engineering Company, Inc. Common Stock",NYSE,Unknown,Unknown,,568746
BNAI,BNAI,Brand Engagement Network Inc. - Common Stock,NASDAQ,Unknown,Unknown,,567704
FCN,FCN,"FTI Consulting, Inc. Common Stock",NYSE,Unknown,Unknown,,566858
WAFD,WAFD,"WaFd, Inc. - Common Stock",NASDAQ,Unknown,Unknown,,563746
ALRM,ALRM,"Alarm.com Holdings, Inc. - Common Stock",NASDAQ,Unknown,Unknown,,563644
PRG,PRG,"PROG Holdings, Inc. Common Stock",NYSE,Unknown,Unknown,,563346
KFY,KFY,Korn Ferry Common Stock,NYSE,Unknown,Unknown,,562582
SWX,SWX,"Southwest Gas Holdings, Inc. Common Stock (DE)",NYSE,Unknown,Unknown,,561512
CBT,CBT,Cabot Corporation Common Stock,NYSE,Unknown,Unknown,,560464
FSS,FSS,Federal Signal Corporation Common Stock,NYSE,Unknown,Unknown,,560380
COLM,COLM,Columbia Sportswear Company - Common Stock,NASDAQ,Unknown,Unknown,,560334
LIFE,LIFE,Ethos Technologies Inc. - Class A Common Stock,NASDAQ,Unknown,Unknown,,559728
IPGP,IPGP,IPG Photonics Corporation - Common Stock,NASDAQ,Unknown,Unknown,,558844
PS,PS,Pershing Square Inc. Common Stock,NYSE,Unknown,Unknown,,558404
ARDT,ARDT,"Ardent Health, Inc. Common Stock",NYSE,Unknown,Unknown,,557940
AVBP,AVBP,"ArriVent BioPharma, Inc. - Common Stock",NASDAQ,Unknown,Unknown,,557222
ITGR,ITGR,Integer Holdings Corporation Common Stock,NYSE,Unknown,Unknown,,556584
SIGI,SIGI,"Selective Insurance Group, Inc. - Common Stock",NASDAQ,Unknown,Unknown,,556440
CWT,CWT,California Water Service Group Common Stock,NYSE,Unknown,Unknown,,552608
CMCO,CMCO,Columbus McKinnon Corporation - Common Stock,NASDAQ,Unknown,Unknown,,552544
VTS,VTS,"Vitesse Energy, Inc. Common Stock",NYSE,Unknown,Unknown,,551402
FMX,FMX,Fomento Economico Mexicano S.A.B. de C.V. Common Stock,NYSE,Unknown,Unknown,,548588
HBNC,HBNC,"Horizon Bancorp, Inc. - Common Stock",NASDAQ,Unknown,Unknown,,546338
LINC,LINC,Lincoln Educational Services Corporation - Common Stock,NASDAQ,Unknown,Unknown,,545862
AVLN,AVLN,Avalyn Pharma Inc. - common stock,NASDAQ,Unknown,Unknown,,545371
CLH,CLH,"Clean Harbors, Inc. Common Stock",NYSE,Unknown,Unknown,,544434
HII,HII,"Huntington Ingalls Industries, Inc. Common Stock",NYSE,Unknown,Unknown,,543818
GOOD,GOOD,Gladstone Commercial Corporation - Real Estate Investment Trust,NASDAQ,Unknown,Unknown,,541932
UFPI,UFPI,"UFP Industries, Inc. - Common Stock",NASDAQ,Unknown,Unknown,,541602
ENS,ENS,EnerSys Common Stock,NYSE,Unknown,Unknown,,541156
GSHD,GSHD,"Goosehead Insurance, Inc. - Class A Common Stock",NASDAQ,Unknown,Unknown,,538080
DSGX,DSGX,The Descartes Systems Group Inc. - Common Stock,NASDAQ,Unknown,Unknown,,536294
BIOA,BIOA,"BioAge Labs, Inc. - Common Stock",NASDAQ,Unknown,Unknown,,534354
PRAX,PRAX,"Praxis Precision Medicines, Inc. - Common Stock",NASDAQ,Unknown,Unknown,,534302
BHE,BHE,"Benchmark Electronics, Inc. Common Stock",NYSE,Unknown,Unknown,,530488
OFRM,OFRM,"Once Upon a Farm, PBC Common Stock",NYSE,Unknown,Unknown,,530434
PCRX,PCRX,"Pacira BioSciences, Inc. - Common Stock",NASDAQ,Unknown,Unknown,,530044
GIB,GIB,CGI Inc. Common Stock,NYSE,Unknown,Unknown,,529544
TM,TM,Toyota Motor Corporation Common Stock,NYSE,Unknown,Unknown,,529460
MORN,MORN,"Morningstar, Inc. - Common Stock",NASDAQ,Unknown,Unknown,,528780
BPOP,BPOP,"Popular, Inc. - Common Stock",NASDAQ,Unknown,Unknown,,528024
ATR,ATR,"AptarGroup, Inc. Common Stock",NYSE,Unknown,Unknown,,527796
SKWD,SKWD,"Skyward Specialty Insurance Group, Inc. - Common Stock",NASDAQ,Unknown,Unknown,,527332
MSGE,MSGE,Madison Square Garden Entertainment Corp. Class A Common Stock,NYSE,Unknown,Unknown,,525206
ADUR,ADUR,Aduro Clean Technologies Inc. - Common Stock,NASDAQ,Unknown,Unknown,,524822
EFXT,EFXT,Enerflex Ltd Common Shares,NYSE,Unknown,Unknown,,524632
YSWY,YSWY,"Yesway, Inc. - Class A Common Stock",NASDAQ,Unknown,Unknown,,522946
CAMT,CAMT,Camtek Ltd. - Ordinary Shares,NASDAQ,Unknown,Unknown,,520870
CR,CR,Crane Company Common Stock,NYSE,Unknown,Unknown,,519896
AFG,AFG,"American Financial Group, Inc. Common Stock",NYSE,Unknown,Unknown,,519838
NWE,NWE,"NorthWestern Energy Group, Inc.  - Common Stock",NASDAQ,Unknown,Unknown,,518814
HG,HG,"Hamilton Insurance Group, Ltd. Class B Common Shares",NYSE,Unknown,Unknown,,518602
DCTH,DCTH,"Delcath Systems, Inc. - Common Stock",NASDAQ,Unknown,Unknown,,518108
TRS,TRS,TriMas Corporation - Common Stock,NASDAQ,Unknown,Unknown,,517014
OSPN,OSPN,OneSpan Inc. - Common Stock,NASDAQ,Unknown,Unknown,,516796
RUSHA,RUSHA,"Rush Enterprises, Inc. - Class A Common Stock",NASDAQ,Unknown,Unknown,,516028
VSEC,VSEC,VSE Corporation - Common Stock,NASDAQ,Unknown,Unknown,,515938
IBP,IBP,"Installed Building Products, Inc. Common Stock",NYSE,Unknown,Unknown,,515120
BKE,BKE,"Buckle, Inc. (The) Common Stock",NYSE,Unknown,Unknown,,513866
VAC,VAC,Marriott Vacations Worldwide Corporation Common Stock,NYSE,Unknown,Unknown,,513114
WLY,WLY,"John Wiley & Sons, Inc. Common Stock",NYSE,Unknown,Unknown,,513056
TNXP,TNXP,Tonix Pharmaceuticals Holding Corp. - Common Stock,NASDAQ,Unknown,Unknown,,512838
AAMI,AAMI,Acadian Asset Management Inc. Common Stock,NYSE,Unknown,Unknown,,512646
SBGI,SBGI,"Sinclair, Inc. - Class A Common Stock",NASDAQ,Unknown,Unknown,,511636
SHOE,SHOE,"Shoe Station Group, Inc. - Common Stock",NASDAQ,Unknown,Unknown,,511448
EPAC,EPAC,Enerpac Tool Group Corp. Common Stock,NYSE,Unknown,Unknown,,509922
URI,URI,"United Rentals, Inc. Common Stock",NYSE,Unknown,Unknown,,507926
BHF,BHF,"Brighthouse Financial, Inc. - Common Stock",NASDAQ,Unknown,Unknown,,506756
BATRK,BATRK,"Atlanta Braves Holdings, Inc. - Series C Common Stock",NASDAQ,Unknown,Unknown,,505326
ECAT,ECAT,BlackRock ESG Capital Allocation Term Trust Common Shares of Beneficial Interest,NYSE,Unknown,Unknown,,505072
TCBI,TCBI,"Texas Capital Bancshares, Inc. - Common Stock",NASDAQ,Unknown,Unknown,,503866
VCTR,VCTR,"Victory Capital Holdings, Inc. - Common Stock",NASDAQ,Unknown,Unknown,,503714
CHEF,CHEF,"The Chefs' Warehouse, Inc. - Common Stock",NASDAQ,Unknown,Unknown,,503628
UTHR,UTHR,United Therapeutics Corporation - Common Stock,NASDAQ,Unknown,Unknown,,502670
LSTR,LSTR,"Landstar System, Inc. - Common Stock",NASDAQ,Unknown,Unknown,,500344
DLX,DLX,Deluxe Corporation Common Stock,NYSE,Unknown,Unknown,,500034
